Invoice ID,Branch,City,Customer type,Gender,Product line,Total,Date,Payment
770-42-8960,B,Berlin,Normal,Male,Food and beverages,177.408,2019-01-01,Cash
651-88-7328,A,London,Normal,Female,Fashion accessories,621.243,2019-01-01,Cash
530-90-9855,A,London,Member,Male,Home and lifestyle,399.756,2019-01-01,Cash
182-52-7000,A,London,Member,Female,Sports and travel,113.568,2019-01-01,Ewallet
133-14-7229,C,Warsaw,Normal,Male,Health and beauty,132.02700000000002,2019-01-01,Cash
416-17-9926,A,London,Member,Female,Electronic accessories,779.31,2019-01-01,Credit card
556-97-7101,C,Warsaw,Normal,Female,Electronic accessories,132.762,2019-01-01,Cash
746-04-1077,B,Berlin,Member,Female,Food and beverages,888.615,2019-01-01,Credit card
493-65-6248,C,Warsaw,Member,Female,Sports and travel,388.29,2019-01-01,Credit card
765-26-6951,A,London,Normal,Male,Sports and travel,457.443,2019-01-01,Credit card
271-77-8740,C,Warsaw,Member,Female,Sports and travel,184.086,2019-01-01,Ewallet
891-01-7034,B,Berlin,Normal,Female,Electronic accessories,470.673,2019-01-01,Cash
345-68-9016,C,Warsaw,Member,Female,Sports and travel,266.028,2019-01-02,Credit card
670-71-7306,B,Berlin,Normal,Male,Sports and travel,281.16900000000004,2019-01-02,Credit card
712-39-0363,A,London,Member,Male,Food and beverages,262.458,2019-01-02,Ewallet
504-35-8843,A,London,Normal,Male,Sports and travel,44.5935,2019-01-02,Cash
446-47-6729,C,Warsaw,Normal,Male,Fashion accessories,209.622,2019-01-02,Credit card
244-08-0162,B,Berlin,Normal,Female,Health and beauty,359.205,2019-01-02,Cash
198-84-7132,B,Berlin,Member,Male,Fashion accessories,383.7645,2019-01-02,Cash
744-09-5786,B,Berlin,Normal,Male,Electronic accessories,138.66299999999998,2019-01-02,Cash
749-24-1565,A,London,Normal,Female,Health and beauty,217.6335,2019-01-03,Ewallet
422-29-8786,A,London,Normal,Female,Home and lifestyle,352.2225,2019-01-03,Credit card
249-42-3782,A,London,Normal,Male,Health and beauty,367.5525,2019-01-03,Ewallet
501-61-1753,B,Berlin,Normal,Female,Home and lifestyle,397.845,2019-01-03,Ewallet
343-87-0864,C,Warsaw,Member,Male,Health and beauty,79.67399999999998,2019-01-03,Credit card
875-31-8302,B,Berlin,Normal,Male,Sports and travel,98.049,2019-01-03,Cash
687-15-1097,C,Warsaw,Member,Female,Health and beauty,44.352,2019-01-03,Cash
552-44-5977,B,Berlin,Member,Male,Health and beauty,520.8,2019-01-03,Credit card
672-51-8681,C,Warsaw,Member,Female,Electronic accessories,629.8425,2019-01-04,Credit card
279-74-2924,B,Berlin,Member,Male,Electronic accessories,75.7785,2019-01-04,Cash
132-23-6451,A,London,Member,Male,Health and beauty,110.0925,2019-01-04,Cash
725-32-9708,B,Berlin,Member,Female,Fashion accessories,288.582,2019-01-04,Cash
731-14-2199,A,London,Member,Female,Home and lifestyle,373.17,2019-01-04,Ewallet
656-16-1063,B,Berlin,Normal,Male,Sports and travel,146.22299999999996,2019-01-04,Credit card
433-08-7822,C,Warsaw,Normal,Female,Health and beauty,579.8415,2019-01-05,Ewallet
217-58-1179,A,London,Member,Male,Home and lifestyle,263.13,2019-01-05,Cash
573-98-8548,C,Warsaw,Member,Female,Fashion accessories,33.495,2019-01-05,Ewallet
209-61-0206,A,London,Normal,Female,Home and lifestyle,225.2775,2019-01-05,Ewallet
144-51-6085,A,London,Member,Male,Home and lifestyle,297.108,2019-01-05,Credit card
843-01-4703,B,Berlin,Member,Female,Home and lifestyle,334.341,2019-01-05,Credit card
339-12-4827,B,Berlin,Member,Female,Fashion accessories,77.658,2019-01-05,Credit card
841-18-8232,B,Berlin,Normal,Female,Food and beverages,74.76,2019-01-05,Credit card
750-67-8428,A,London,Member,Female,Health and beauty,548.9715,2019-01-05,Ewallet
628-34-3388,C,Warsaw,Normal,Male,Fashion accessories,172.49400000000003,2019-01-05,Credit card
801-88-0346,C,Warsaw,Normal,Female,Fashion accessories,239.58900000000003,2019-01-05,Credit card
489-82-1237,A,London,Normal,Female,Electronic accessories,690.018,2019-01-05,Credit card
852-82-2749,A,London,Normal,Male,Sports and travel,271.278,2019-01-06,Ewallet
704-11-6354,A,London,Member,Male,Home and lifestyle,494.76,2019-01-06,Cash
826-58-8051,B,Berlin,Normal,Male,Home and lifestyle,261.198,2019-01-06,Ewallet
729-06-2010,B,Berlin,Member,Male,Health and beauty,760.4415,2019-01-06,Cash
393-65-2792,C,Warsaw,Normal,Male,Food and beverages,939.54,2019-01-06,Credit card
490-29-1201,A,London,Normal,Female,Sports and travel,16.107,2019-01-06,Cash
662-72-2873,A,London,Normal,Female,Food and beverages,214.935,2019-01-06,Ewallet
834-25-9262,C,Warsaw,Normal,Female,Fashion accessories,343.056,2019-01-06,Cash
846-10-0341,A,London,Normal,Female,Fashion accessories,312.8895,2019-01-06,Cash
126-54-1082,A,London,Member,Female,Home and lifestyle,203.553,2019-01-07,Credit card
109-28-2512,B,Berlin,Member,Female,Fashion accessories,614.943,2019-01-07,Ewallet
799-71-1548,A,London,Member,Male,Electronic accessories,326.4240000000001,2019-01-07,Credit card
566-19-5475,B,Berlin,Normal,Male,Fashion accessories,352.5795,2019-01-07,Cash
526-86-8552,C,Warsaw,Member,Female,Home and lifestyle,229.11,2019-01-07,Cash
541-48-8554,A,London,Normal,Male,Sports and travel,575.9775,2019-01-07,Credit card
390-31-6381,C,Warsaw,Normal,Male,Food and beverages,85.743,2019-01-07,Cash
232-16-2483,C,Warsaw,Member,Female,Sports and travel,71.52600000000002,2019-01-07,Ewallet
889-04-9723,B,Berlin,Member,Female,Food and beverages,374.388,2019-01-07,Credit card
631-34-1880,C,Warsaw,Member,Male,Food and beverages,76.5765,2019-01-08,Credit card
484-22-8230,C,Warsaw,Member,Female,Fashion accessories,381.3915,2019-01-08,Cash
845-94-6841,C,Warsaw,Member,Female,Food and beverages,688.716,2019-01-08,Cash
387-49-4215,B,Berlin,Member,Female,Sports and travel,152.775,2019-01-08,Cash
840-76-5966,A,London,Member,Male,Sports and travel,26.796,2019-01-08,Ewallet
124-31-1458,A,London,Member,Female,Electronic accessories,250.7085,2019-01-08,Cash
442-44-6497,C,Warsaw,Member,Male,Home and lifestyle,175.0455,2019-01-08,Credit card
241-96-5076,B,Berlin,Member,Female,Home and lifestyle,103.11,2019-01-08,Credit card
490-95-0021,B,Berlin,Member,Female,Food and beverages,348.705,2019-01-08,Ewallet
257-60-7754,A,London,Normal,Female,Electronic accessories,210.966,2019-01-08,Cash
750-57-9686,C,Warsaw,Normal,Female,Home and lifestyle,190.596,2019-01-08,Credit card
189-08-9157,C,Warsaw,Normal,Female,Fashion accessories,299.8485,2019-01-08,Credit card
571-94-0759,B,Berlin,Member,Female,Food and beverages,783.3,2019-01-08,Cash
663-86-9076,C,Warsaw,Member,Female,Food and beverages,575.736,2019-01-08,Ewallet
767-97-4650,B,Berlin,Member,Female,Sports and travel,136.143,2019-01-08,Credit card
457-13-1708,B,Berlin,Member,Male,Fashion accessories,684.915,2019-01-08,Credit card
192-98-7397,C,Warsaw,Normal,Male,Fashion accessories,13.419,2019-01-08,Ewallet
674-15-9296,A,London,Normal,Male,Sports and travel,194.985,2019-01-08,Ewallet
867-47-1948,C,Warsaw,Normal,Female,Home and lifestyle,165.9,2019-01-09,Cash
189-40-5216,C,Warsaw,Normal,Male,Electronic accessories,708.3195,2019-01-09,Cash
288-62-1085,A,London,Member,Male,Fashion accessories,202.335,2019-01-09,Ewallet
305-89-2768,B,Berlin,Member,Female,Home and lifestyle,68.985,2019-01-09,Ewallet
343-75-9322,B,Berlin,Member,Female,Sports and travel,99.54,2019-01-09,Cash
554-42-2417,C,Warsaw,Normal,Female,Sports and travel,1002.12,2019-01-09,Cash
263-10-3913,C,Warsaw,Member,Male,Fashion accessories,463.42800000000005,2019-01-09,Credit card
370-96-0655,C,Warsaw,Normal,Female,Fashion accessories,310.716,2019-01-09,Ewallet
873-51-0671,A,London,Member,Female,Sports and travel,161.553,2019-01-10,Ewallet
744-02-5987,A,London,Member,Male,Home and lifestyle,493.794,2019-01-10,Ewallet
241-11-2261,B,Berlin,Normal,Female,Fashion accessories,586.971,2019-01-10,Credit card
887-42-0517,C,Warsaw,Normal,Female,Sports and travel,611.0790000000002,2019-01-10,Credit card
226-34-0034,B,Berlin,Normal,Female,Electronic accessories,57.87600000000001,2019-01-10,Ewallet
603-07-0961,C,Warsaw,Member,Male,Electronic accessories,392.6475,2019-01-10,Cash
665-32-9167,A,London,Member,Female,Health and beauty,76.146,2019-01-10,Credit card
640-49-2076,B,Berlin,Normal,Male,Sports and travel,703.752,2019-01-10,Cash
577-34-7579,C,Warsaw,Member,Male,Food and beverages,477.1305,2019-01-10,Cash
289-15-7034,A,London,Member,Male,Sports and travel,345.786,2019-01-11,Credit card
130-67-4723,A,London,Member,Male,Food and beverages,305.55,2019-01-11,Ewallet
406-46-7107,A,London,Normal,Female,Home and lifestyle,608.076,2019-01-11,Cash
746-68-6593,C,Warsaw,Member,Female,Sports and travel,183.036,2019-01-11,Credit card
592-46-1692,C,Warsaw,Member,Female,Food and beverages,270.2595,2019-01-11,Cash
478-06-7835,A,London,Normal,Male,Fashion accessories,94.1745,2019-01-11,Ewallet
540-11-4336,A,London,Normal,Male,Food and beverages,235.683,2019-01-11,Credit card
732-67-5346,A,London,Normal,Male,Food and beverages,72.3975,2019-01-11,Credit card
197-77-7132,B,Berlin,Member,Male,Electronic accessories,769.1039999999998,2019-01-12,Ewallet
647-50-1224,A,London,Normal,Female,Fashion accessories,308.91,2019-01-12,Ewallet
659-36-1684,C,Warsaw,Member,Male,Sports and travel,419.832,2019-01-12,Credit card
848-07-1692,B,Berlin,Normal,Female,Health and beauty,120.162,2019-01-12,Ewallet
533-66-5566,B,Berlin,Normal,Female,Home and lifestyle,375.3645,2019-01-12,Cash
296-11-7041,B,Berlin,Member,Female,Health and beauty,28.4235,2019-01-12,Credit card
751-15-6198,B,Berlin,Normal,Male,Sports and travel,144.963,2019-01-12,Ewallet
381-20-0914,A,London,Member,Female,Fashion accessories,189.0945,2019-01-12,Credit card
704-48-3927,A,London,Member,Male,Electronic accessories,931.035,2019-01-12,Ewallet
852-62-7105,B,Berlin,Normal,Female,Fashion accessories,874.125,2019-01-12,Credit card
751-41-9720,C,Warsaw,Normal,Male,Home and lifestyle,1023.75,2019-01-12,Ewallet
556-86-3144,C,Warsaw,Member,Female,Fashion accessories,78.0045,2019-01-13,Cash
355-34-6244,B,Berlin,Normal,Male,Food and beverages,152.019,2019-01-13,Credit card
459-50-7686,A,London,Normal,Female,Electronic accessories,147.798,2019-01-13,Ewallet
784-08-0310,C,Warsaw,Member,Female,Food and beverages,88.368,2019-01-13,Cash
339-38-9982,B,Berlin,Member,Male,Fashion accessories,125.706,2019-01-13,Ewallet
195-06-0432,A,London,Member,Male,Home and lifestyle,255.1815,2019-01-13,Credit card
327-40-9673,B,Berlin,Member,Male,Sports and travel,457.38,2019-01-13,Cash
460-93-5834,A,London,Normal,Male,Sports and travel,335.0130000000001,2019-01-13,Cash
397-25-8725,A,London,Member,Female,Health and beauty,374.409,2019-01-13,Credit card
732-94-0499,C,Warsaw,Normal,Female,Electronic accessories,437.325,2019-01-13,Credit card
658-66-3967,C,Warsaw,Normal,Male,Health and beauty,390.9465,2019-01-14,Ewallet
377-79-7592,C,Warsaw,Member,Female,Electronic accessories,423.73800000000006,2019-01-14,Credit card
359-90-3665,B,Berlin,Member,Female,Fashion accessories,75.936,2019-01-14,Credit card
704-10-4056,C,Warsaw,Member,Male,Health and beauty,190.4805,2019-01-14,Credit card
667-23-5919,A,London,Member,Female,Fashion accessories,507.675,2019-01-14,Ewallet
592-34-6155,C,Warsaw,Normal,Male,Food and beverages,133.434,2019-01-14,Ewallet
559-61-5987,B,Berlin,Normal,Female,Health and beauty,18.6375,2019-01-14,Cash
785-13-7708,B,Berlin,Normal,Male,Food and beverages,536.991,2019-01-14,Credit card
868-52-7573,B,Berlin,Normal,Female,Food and beverages,523.3725,2019-01-14,Cash
320-85-2052,B,Berlin,Normal,Female,Sports and travel,36.5505,2019-01-14,Credit card
426-39-2418,C,Warsaw,Normal,Male,Electronic accessories,451.3635,2019-01-14,Cash
588-47-8641,A,London,Member,Male,Fashion accessories,588.42,2019-01-14,Ewallet
451-73-2711,C,Warsaw,Normal,Male,Food and beverages,89.0715,2019-01-14,Ewallet
660-29-7083,C,Warsaw,Normal,Male,Electronic accessories,586.635,2019-01-15,Cash
589-02-8023,A,London,Member,Male,Food and beverages,175.917,2019-01-15,Credit card
450-28-2866,C,Warsaw,Member,Male,Food and beverages,91.56,2019-01-15,Cash
188-55-0967,B,Berlin,Member,Male,Health and beauty,697.935,2019-01-15,Credit card
138-17-5109,A,London,Member,Female,Home and lifestyle,843.0345,2019-01-15,Credit card
272-65-1806,A,London,Normal,Female,Electronic accessories,575.316,2019-01-15,Ewallet
886-54-6089,A,London,Normal,Female,Home and lifestyle,72.009,2019-01-15,Cash
369-82-2676,B,Berlin,Normal,Male,Electronic accessories,397.215,2019-01-15,Ewallet
437-58-8131,B,Berlin,Normal,Female,Fashion accessories,154.392,2019-01-15,Ewallet
301-11-9629,A,London,Normal,Female,Sports and travel,140.385,2019-01-15,Cash
744-16-7898,B,Berlin,Normal,Female,Home and lifestyle,1022.385,2019-01-15,Credit card
314-23-4520,C,Warsaw,Member,Male,Health and beauty,597.0405,2019-01-15,Cash
299-46-1805,B,Berlin,Member,Female,Sports and travel,590.436,2019-01-15,Cash
659-65-8956,B,Berlin,Member,Male,Fashion accessories,53.928,2019-01-16,Ewallet
372-62-5264,C,Warsaw,Normal,Female,Food and beverages,497.07,2019-01-16,Cash
842-29-4695,C,Warsaw,Member,Male,Sports and travel,125.979,2019-01-16,Credit card
286-62-6248,B,Berlin,Normal,Male,Fashion accessories,164.68200000000004,2019-01-16,Credit card
859-71-0933,C,Warsaw,Member,Female,Sports and travel,32.529,2019-01-16,Cash
618-34-8551,A,London,Normal,Female,Sports and travel,195.678,2019-01-16,Credit card
677-11-0152,C,Warsaw,Normal,Female,Food and beverages,881.307,2019-01-16,Cash
234-65-2137,C,Warsaw,Normal,Male,Home and lifestyle,1003.59,2019-01-16,Cash
648-83-1321,A,London,Member,Male,Home and lifestyle,667.38,2019-01-16,Cash
347-72-6115,B,Berlin,Member,Female,Sports and travel,666.939,2019-01-16,Credit card
280-35-5823,B,Berlin,Member,Female,Home and lifestyle,91.056,2019-01-17,Ewallet
200-16-5952,C,Warsaw,Member,Male,Food and beverages,137.865,2019-01-17,Cash
746-54-5508,A,London,Normal,Male,Home and lifestyle,135.576,2019-01-17,Credit card
497-37-6538,A,London,Normal,Male,Sports and travel,432.9885,2019-01-17,Ewallet
445-30-9252,A,London,Normal,Male,Sports and travel,80.955,2019-01-17,Ewallet
349-97-8902,B,Berlin,Member,Male,Food and beverages,121.569,2019-01-17,Ewallet
600-38-9738,C,Warsaw,Member,Male,Sports and travel,377.58,2019-01-17,Credit card
698-98-5964,A,London,Normal,Female,Food and beverages,852.705,2019-01-17,Credit card
679-22-6530,B,Berlin,Normal,Female,Sports and travel,85.302,2019-01-17,Credit card
670-79-6321,B,Berlin,Member,Female,Home and lifestyle,695.2365,2019-01-17,Credit card
101-81-4070,C,Warsaw,Member,Female,Health and beauty,131.922,2019-01-17,Ewallet
700-81-1757,A,London,Normal,Female,Electronic accessories,138.1275,2019-01-18,Credit card
414-12-7047,B,Berlin,Normal,Male,Food and beverages,166.236,2019-01-18,Ewallet
706-36-6154,A,London,Member,Male,Home and lifestyle,182.952,2019-01-18,Ewallet
821-14-9046,B,Berlin,Member,Female,Fashion accessories,110.124,2019-01-18,Credit card
781-84-8059,C,Warsaw,Normal,Male,Fashion accessories,446.439,2019-01-18,Ewallet
622-20-1945,C,Warsaw,Normal,Female,Health and beauty,41.39100000000001,2019-01-18,Cash
678-79-0726,C,Warsaw,Member,Female,Sports and travel,856.4535,2019-01-18,Cash
166-19-2553,A,London,Member,Male,Sports and travel,561.078,2019-01-18,Cash
562-12-5430,A,London,Member,Female,Fashion accessories,277.6725,2019-01-18,Ewallet
779-06-0012,C,Warsaw,Member,Female,Home and lifestyle,93.0405,2019-01-19,Cash
728-47-9078,C,Warsaw,Member,Male,Food and beverages,250.278,2019-01-19,Cash
796-32-9050,A,London,Normal,Male,Food and beverages,323.064,2019-01-19,Cash
482-17-1179,A,London,Member,Male,Electronic accessories,37.611,2019-01-19,Credit card
894-41-5205,C,Warsaw,Normal,Female,Food and beverages,362.712,2019-01-19,Credit card
151-27-8496,C,Warsaw,Normal,Female,Electronic accessories,235.746,2019-01-19,Ewallet
284-54-4231,C,Warsaw,Member,Male,Sports and travel,84.9765,2019-01-19,Credit card
761-49-0439,B,Berlin,Member,Female,Electronic accessories,101.64,2019-01-19,Ewallet
125-45-2293,A,London,Normal,Female,Fashion accessories,624.33,2019-01-19,Cash
645-44-1170,A,London,Member,Male,Home and lifestyle,548.7615,2019-01-19,Ewallet
608-27-6295,B,Berlin,Member,Male,Electronic accessories,333.207,2019-01-19,Credit card
149-61-1929,A,London,Normal,Male,Sports and travel,673.995,2019-01-19,Credit card
832-51-6761,A,London,Normal,Male,Food and beverages,284.592,2019-01-19,Ewallet
809-69-9497,A,London,Normal,Female,Home and lifestyle,479.64,2019-01-19,Ewallet
882-40-4577,A,London,Member,Male,Sports and travel,282.492,2019-01-19,Credit card
375-72-3056,B,Berlin,Normal,Male,Sports and travel,198.639,2019-01-19,Ewallet
645-78-8093,A,London,Normal,Female,Sports and travel,195.594,2019-01-20,Ewallet
378-24-2715,B,Berlin,Normal,Male,Home and lifestyle,112.224,2019-01-20,Ewallet
787-87-2010,A,London,Member,Male,Health and beauty,233.1,2019-01-20,Credit card
817-48-8732,A,London,Member,Female,Home and lifestyle,759.675,2019-01-20,Cash
725-96-3778,C,Warsaw,Member,Female,Home and lifestyle,749.7,2019-01-20,Cash
760-27-5490,C,Warsaw,Normal,Male,Fashion accessories,131.208,2019-01-20,Ewallet
257-73-1380,C,Warsaw,Member,Male,Sports and travel,348.306,2019-01-20,Ewallet
356-44-8813,B,Berlin,Normal,Male,Home and lifestyle,118.062,2019-01-20,Credit card
458-10-8612,C,Warsaw,Normal,Male,Health and beauty,470.98800000000006,2019-01-20,Ewallet
410-67-1709,A,London,Member,Female,Fashion accessories,536.592,2019-01-20,Ewallet
329-62-1586,A,London,Normal,Male,Food and beverages,172.2105,2019-01-21,Credit card
269-10-8440,A,London,Member,Male,Health and beauty,390.7995,2019-01-21,Cash
870-72-4431,C,Warsaw,Normal,Female,Health and beauty,624.8969999999998,2019-01-21,Credit card
239-10-7476,A,London,Normal,Female,Home and lifestyle,491.085,2019-01-21,Ewallet
316-68-6352,A,London,Member,Female,Food and beverages,76.35600000000002,2019-01-21,Cash
401-18-8016,B,Berlin,Member,Female,Sports and travel,103.0365,2019-01-21,Cash
162-65-8559,C,Warsaw,Member,Male,Food and beverages,72.429,2019-01-21,Cash
462-67-9126,A,London,Normal,Male,Home and lifestyle,461.286,2019-01-21,Cash
756-01-7507,C,Warsaw,Normal,Female,Health and beauty,106.995,2019-01-22,Cash
120-54-2248,B,Berlin,Normal,Female,Food and beverages,151.515,2019-01-22,Credit card
186-09-3669,C,Warsaw,Member,Female,Health and beauty,85.5855,2019-01-22,Ewallet
460-35-4390,A,London,Normal,Male,Home and lifestyle,96.642,2019-01-22,Ewallet
521-18-7827,C,Warsaw,Member,Male,Home and lifestyle,206.7975,2019-01-22,Credit card
287-21-9091,A,London,Normal,Male,Home and lifestyle,705.6315,2019-01-22,Ewallet
563-47-4072,B,Berlin,Normal,Female,Health and beauty,351.603,2019-01-22,Cash
477-59-2456,C,Warsaw,Normal,Female,Fashion accessories,333.9840000000001,2019-01-23,Cash
219-61-4139,C,Warsaw,Normal,Male,Electronic accessories,87.234,2019-01-23,Ewallet
604-70-6476,A,London,Member,Male,Fashion accessories,94.185,2019-01-23,Ewallet
767-05-1286,C,Warsaw,Member,Female,Home and lifestyle,527.751,2019-01-23,Ewallet
809-46-1866,A,London,Normal,Male,Health and beauty,244.23,2019-01-23,Cash
434-83-9547,C,Warsaw,Member,Male,Food and beverages,323.148,2019-01-23,Cash
480-63-2856,C,Warsaw,Normal,Male,Food and beverages,161.7,2019-01-23,Ewallet
731-81-9469,C,Warsaw,Member,Female,Sports and travel,942.9,2019-01-23,Credit card
828-46-6863,A,London,Member,Male,Food and beverages,620.739,2019-01-23,Credit card
740-22-2500,C,Warsaw,Normal,Female,Electronic accessories,264.7575,2019-01-23,Cash
318-12-0304,A,London,Normal,Male,Fashion accessories,32.1405,2019-01-23,Ewallet
160-22-2687,A,London,Member,Female,Health and beauty,503.7375,2019-01-23,Ewallet
213-32-1216,A,London,Normal,Female,Electronic accessories,416.17800000000005,2019-01-23,Cash
790-38-4466,C,Warsaw,Normal,Female,Health and beauty,57.6975,2019-01-23,Credit card
148-41-7930,C,Warsaw,Normal,Male,Health and beauty,734.706,2019-01-23,Cash
316-66-3011,A,London,Member,Female,Food and beverages,450.1035,2019-01-23,Cash
565-80-5980,C,Warsaw,Member,Female,Home and lifestyle,198.996,2019-01-23,Cash
789-23-8625,B,Berlin,Member,Male,Fashion accessories,293.643,2019-01-24,Cash
778-34-2523,A,London,Member,Female,Electronic accessories,408.408,2019-01-24,Cash
443-60-9639,C,Warsaw,Member,Female,Home and lifestyle,63.9135,2019-01-24,Cash
726-27-2396,A,London,Normal,Female,Health and beauty,406.875,2019-01-24,Ewallet
237-44-6163,A,London,Normal,Male,Electronic accessories,88.704,2019-01-24,Cash
602-16-6955,B,Berlin,Normal,Female,Sports and travel,804.3,2019-01-24,Ewallet
775-72-1988,B,Berlin,Normal,Male,Home and lifestyle,384.72,2019-01-24,Ewallet
438-23-1242,B,Berlin,Normal,Male,Electronic accessories,557.7180000000002,2019-01-24,Ewallet
232-11-3025,A,London,Normal,Male,Sports and travel,827.085,2019-01-24,Cash
139-20-0155,B,Berlin,Member,Male,Electronic accessories,423.15,2019-01-24,Credit card
235-06-8510,C,Warsaw,Member,Male,Home and lifestyle,270.018,2019-01-24,Ewallet
510-79-0415,B,Berlin,Member,Female,Sports and travel,145.404,2019-01-24,Ewallet
435-13-4908,A,London,Member,Male,Fashion accessories,728.112,2019-01-24,Credit card
856-66-2701,A,London,Member,Male,Home and lifestyle,167.895,2019-01-25,Ewallet
888-02-0338,A,London,Normal,Male,Electronic accessories,247.8735,2019-01-25,Ewallet
824-88-3614,C,Warsaw,Normal,Male,Health and beauty,288.204,2019-01-25,Ewallet
394-55-6384,C,Warsaw,Member,Female,Sports and travel,663.2955,2019-01-25,Cash
280-17-4359,C,Warsaw,Member,Male,Health and beauty,950.25,2019-01-25,Cash
288-38-3758,C,Warsaw,Member,Female,Fashion accessories,267.3405,2019-01-25,Ewallet
191-10-6171,B,Berlin,Normal,Female,Fashion accessories,291.207,2019-01-25,Cash
145-94-9061,B,Berlin,Normal,Female,Food and beverages,463.89,2019-01-25,Cash
843-73-4724,A,London,Normal,Male,Fashion accessories,77.805,2019-01-25,Cash
268-03-6164,B,Berlin,Normal,Male,Health and beauty,100.9155,2019-01-25,Ewallet
569-71-4390,B,Berlin,Normal,Male,Sports and travel,45.927,2019-01-25,Ewallet
307-83-9164,A,London,Member,Male,Home and lifestyle,252.042,2019-01-25,Cash
340-21-9136,A,London,Member,Female,Sports and travel,168.21,2019-01-25,Cash
730-61-8757,B,Berlin,Member,Male,Health and beauty,214.746,2019-01-25,Credit card
283-79-9594,B,Berlin,Normal,Female,Food and beverages,356.5485,2019-01-25,Credit card
261-12-8671,B,Berlin,Normal,Female,Fashion accessories,128.016,2019-01-25,Credit card
778-71-5554,C,Warsaw,Member,Male,Fashion accessories,16.2015,2019-01-25,Credit card
258-69-7810,C,Warsaw,Normal,Female,Fashion accessories,193.4625,2019-01-26,Cash
176-78-1170,C,Warsaw,Member,Male,Health and beauty,106.5015,2019-01-26,Ewallet
225-32-0908,C,Warsaw,Normal,Female,Sports and travel,471.03,2019-01-26,Ewallet
173-82-9529,B,Berlin,Normal,Female,Fashion accessories,398.475,2019-01-26,Cash
316-55-4634,B,Berlin,Member,Male,Food and beverages,420.2625,2019-01-26,Credit card
289-65-5721,B,Berlin,Normal,Female,Fashion accessories,170.877,2019-01-26,Cash
452-04-8808,B,Berlin,Normal,Male,Electronic accessories,640.038,2019-01-26,Cash
641-43-2399,B,Berlin,Normal,Male,Home and lifestyle,107.31,2019-01-26,Ewallet
847-38-7188,B,Berlin,Normal,Female,Food and beverages,304.5420000000001,2019-01-26,Ewallet
834-61-8124,A,London,Normal,Male,Electronic accessories,379.9215,2019-01-26,Cash
794-42-3736,B,Berlin,Normal,Male,Food and beverages,69.993,2019-01-26,Credit card
539-21-7227,B,Berlin,Normal,Female,Sports and travel,270.585,2019-01-26,Cash
135-13-8269,B,Berlin,Member,Female,Food and beverages,165.648,2019-01-26,Cash
308-39-1707,A,London,Normal,Female,Fashion accessories,12.6945,2019-01-26,Credit card
896-34-0956,A,London,Normal,Male,Fashion accessories,22.386,2019-01-26,Cash
881-41-7302,C,Warsaw,Normal,Female,Fashion accessories,68.2395,2019-01-26,Credit card
836-82-5858,B,Berlin,Member,Male,Health and beauty,655.5465,2019-01-26,Ewallet
620-02-2046,C,Warsaw,Normal,Male,Home and lifestyle,145.74,2019-01-27,Ewallet
633-91-1052,A,London,Normal,Female,Home and lifestyle,25.263,2019-01-27,Cash
613-59-9758,C,Warsaw,Normal,Female,Sports and travel,150.78,2019-01-27,Cash
788-07-8452,C,Warsaw,Member,Female,Home and lifestyle,178.16400000000004,2019-01-27,Ewallet
534-01-4457,A,London,Normal,Male,Food and beverages,514.773,2019-01-27,Credit card
595-27-4851,A,London,Normal,Female,Fashion accessories,398.958,2019-01-27,Ewallet
624-01-8356,B,Berlin,Normal,Female,Home and lifestyle,514.605,2019-01-27,Credit card
585-90-0249,A,London,Member,Male,Electronic accessories,76.923,2019-01-27,Ewallet
862-59-8517,C,Warsaw,Normal,Female,Food and beverages,568.512,2019-01-27,Cash
869-11-3082,B,Berlin,Member,Male,Health and beauty,403.872,2019-01-27,Credit card
325-90-8763,C,Warsaw,Member,Female,Electronic accessories,488.985,2019-01-27,Cash
123-19-1176,A,London,Member,Male,Health and beauty,489.048,2019-01-27,Ewallet
394-41-0748,C,Warsaw,Member,Female,Fashion accessories,510.9615,2019-01-27,Ewallet
870-54-3162,A,London,Normal,Female,Sports and travel,169.3125,2019-01-27,Cash
342-65-4817,C,Warsaw,Member,Male,Health and beauty,273.42,2019-01-28,Ewallet
222-42-0244,B,Berlin,Member,Female,Health and beauty,681.4395,2019-01-28,Credit card
211-30-9270,C,Warsaw,Normal,Male,Health and beauty,91.4025,2019-01-28,Credit card
544-55-9589,B,Berlin,Member,Female,Electronic accessories,225.015,2019-01-28,Cash
593-65-1552,C,Warsaw,Normal,Female,Home and lifestyle,293.202,2019-01-28,Credit card
699-88-1972,B,Berlin,Normal,Male,Health and beauty,832.944,2019-01-28,Credit card
726-29-6793,A,London,Member,Male,Electronic accessories,203.112,2019-01-28,Ewallet
430-53-4718,B,Berlin,Member,Male,Health and beauty,633.1080000000002,2019-01-28,Credit card
865-41-9075,A,London,Normal,Male,Food and beverages,84.7455,2019-01-28,Cash
243-47-2663,C,Warsaw,Member,Male,Electronic accessories,118.251,2019-01-28,Credit card
372-26-1506,C,Warsaw,Normal,Female,Fashion accessories,125.055,2019-01-28,Ewallet
390-80-5128,B,Berlin,Member,Female,Health and beauty,20.1075,2019-01-28,Credit card
149-71-6266,B,Berlin,Member,Male,Sports and travel,737.7615,2019-01-28,Cash
400-89-4171,C,Warsaw,Normal,Female,Sports and travel,680.148,2019-01-28,Cash
575-67-1508,A,London,Normal,Male,Electronic accessories,40.53,2019-01-29,Ewallet
816-72-8853,A,London,Member,Female,Sports and travel,146.6325,2019-01-29,Cash
606-80-4905,C,Warsaw,Member,Female,Sports and travel,120.645,2019-01-29,Credit card
862-17-9201,B,Berlin,Normal,Female,Food and beverages,529.515,2019-01-29,Credit card
746-94-0204,A,London,Normal,Male,Fashion accessories,786.618,2019-01-29,Credit card
800-09-8606,A,London,Member,Female,Home and lifestyle,458.6925,2019-01-29,Cash
137-63-5492,C,Warsaw,Normal,Male,Electronic accessories,616.98,2019-01-29,Ewallet
382-25-8917,C,Warsaw,Normal,Male,Fashion accessories,265.10400000000004,2019-01-29,Cash
233-67-5758,C,Warsaw,Normal,Male,Health and beauty,42.3675,2019-01-29,Ewallet
110-48-7033,B,Berlin,Member,Male,Fashion accessories,137.004,2019-01-29,Cash
569-76-2760,A,London,Member,Female,Sports and travel,92.442,2019-01-29,Credit card
343-61-3544,B,Berlin,Member,Male,Sports and travel,280.035,2019-01-29,Cash
423-80-0988,C,Warsaw,Normal,Male,Sports and travel,160.44,2019-01-30,Ewallet
664-14-2882,C,Warsaw,Member,Female,Home and lifestyle,55.2825,2019-01-30,Credit card
416-13-5917,C,Warsaw,Normal,Female,Food and beverages,509.4075,2019-01-30,Ewallet
556-72-8512,C,Warsaw,Normal,Male,Home and lifestyle,24.108,2019-01-30,Cash
283-26-5248,C,Warsaw,Member,Female,Food and beverages,1034.46,2019-01-30,Ewallet
182-69-8360,B,Berlin,Normal,Female,Electronic accessories,99.33,2019-01-30,Credit card
862-29-5914,C,Warsaw,Normal,Female,Sports and travel,23.499,2019-01-30,Credit card
804-38-3935,A,London,Member,Male,Electronic accessories,295.407,2019-01-30,Credit card
134-54-4720,B,Berlin,Normal,Female,Electronic accessories,356.3280000000001,2019-01-30,Ewallet
457-94-0464,B,Berlin,Member,Male,Electronic accessories,830.3715,2019-01-31,Ewallet
525-09-8450,B,Berlin,Normal,Male,Electronic accessories,757.365,2019-01-31,Credit card
522-57-8364,A,London,Member,Male,Fashion accessories,431.256,2019-01-31,Ewallet
532-59-7201,B,Berlin,Member,Male,Sports and travel,503.559,2019-01-31,Cash
187-83-5490,A,London,Member,Male,Electronic accessories,87.234,2019-01-31,Cash
525-88-7307,B,Berlin,Member,Male,Sports and travel,79.611,2019-01-31,Cash
834-45-5519,B,Berlin,Normal,Female,Electronic accessories,180.6,2019-01-31,Ewallet
366-93-0948,A,London,Member,Male,Electronic accessories,69.6675,2019-01-31,Credit card
226-71-3580,C,Warsaw,Normal,Female,Sports and travel,224.4375,2019-01-31,Cash
735-32-9839,C,Warsaw,Member,Male,Fashion accessories,829.08,2019-01-31,Ewallet
239-36-3640,B,Berlin,Normal,Male,Electronic accessories,285.705,2019-01-31,Ewallet
583-72-1480,C,Warsaw,Member,Male,Electronic accessories,155.65200000000004,2019-01-31,Ewallet
189-55-2313,C,Warsaw,Normal,Female,Fashion accessories,652.89,2019-01-31,Ewallet
286-75-7818,B,Berlin,Normal,Male,Fashion accessories,145.06799999999996,2019-01-31,Credit card
443-82-0585,A,London,Member,Female,Health and beauty,326.256,2019-02-01,Cash
870-76-1733,A,London,Member,Female,Food and beverages,74.7075,2019-02-01,Credit card
105-31-1824,A,London,Member,Male,Sports and travel,510.972,2019-02-01,Credit card
237-01-6122,C,Warsaw,Member,Female,Home and lifestyle,763.4655,2019-02-01,Credit card
551-21-3069,C,Warsaw,Normal,Female,Electronic accessories,218.0115,2019-02-01,Cash
358-88-9262,C,Warsaw,Member,Female,Food and beverages,551.124,2019-02-01,Ewallet
642-32-2990,A,London,Normal,Female,Food and beverages,115.08,2019-02-02,Ewallet
554-53-8700,C,Warsaw,Member,Male,Home and lifestyle,117.831,2019-02-02,Cash
382-03-4532,A,London,Member,Female,Health and beauty,19.2465,2019-02-02,Cash
376-56-3573,C,Warsaw,Normal,Female,Fashion accessories,400.764,2019-02-02,Ewallet
845-51-0542,B,Berlin,Member,Male,Food and beverages,439.8975,2019-02-02,Ewallet
376-02-8238,B,Berlin,Normal,Male,Home and lifestyle,788.508,2019-02-02,Credit card
420-18-8989,A,London,Member,Female,Sports and travel,432.768,2019-02-02,Cash
390-17-5806,C,Warsaw,Member,Female,Food and beverages,40.341,2019-02-02,Cash
201-86-2184,B,Berlin,Member,Female,Electronic accessories,193.011,2019-02-02,Cash
717-96-4189,C,Warsaw,Normal,Female,Electronic accessories,223.587,2019-02-02,Cash
405-31-3305,A,London,Member,Male,Fashion accessories,452.865,2019-02-02,Credit card
418-05-0656,B,Berlin,Normal,Female,Fashion accessories,187.866,2019-02-02,Cash
541-08-3113,C,Warsaw,Normal,Male,Food and beverages,554.148,2019-02-02,Cash
756-93-1854,C,Warsaw,Member,Female,Fashion accessories,175.035,2019-02-02,Credit card
718-57-9773,C,Warsaw,Normal,Female,Sports and travel,517.965,2019-02-03,Credit card
566-71-1091,A,London,Normal,Male,Fashion accessories,404.355,2019-02-03,Cash
430-60-3493,A,London,Member,Female,Home and lifestyle,697.368,2019-02-03,Cash
639-76-1242,C,Warsaw,Normal,Male,Food and beverages,212.73,2019-02-03,Cash
326-71-2155,C,Warsaw,Normal,Female,Sports and travel,310.59,2019-02-03,Cash
190-59-3964,B,Berlin,Member,Male,Food and beverages,247.59,2019-02-03,Credit card
347-34-2234,B,Berlin,Member,Female,Sports and travel,520.4115,2019-02-03,Ewallet
676-10-2200,B,Berlin,Member,Male,Fashion accessories,56.469,2019-02-03,Ewallet
322-02-2271,B,Berlin,Normal,Female,Sports and travel,135.3555,2019-02-03,Cash
277-63-2961,B,Berlin,Member,Male,Sports and travel,77.6685,2019-02-03,Credit card
585-86-8361,A,London,Normal,Female,Food and beverages,143.22,2019-02-03,Credit card
326-78-5178,C,Warsaw,Member,Male,Food and beverages,671.79,2019-02-03,Cash
443-59-0061,A,London,Member,Male,Food and beverages,708.225,2019-02-03,Ewallet
742-04-5161,A,London,Member,Male,Home and lifestyle,764.19,2019-02-03,Cash
236-86-3015,C,Warsaw,Member,Male,Home and lifestyle,14.679,2019-02-04,Ewallet
441-94-7118,A,London,Member,Male,Electronic accessories,75.5475,2019-02-04,Cash
198-66-9832,B,Berlin,Member,Female,Fashion accessories,151.284,2019-02-04,Cash
268-20-3585,C,Warsaw,Normal,Female,Health and beauty,130.8825,2019-02-04,Ewallet
695-28-6250,A,London,Normal,Female,Sports and travel,226.065,2019-02-04,Ewallet
434-35-9162,B,Berlin,Member,Male,Food and beverages,98.028,2019-02-04,Ewallet
518-17-2983,A,London,Normal,Female,Fashion accessories,204.246,2019-02-04,Ewallet
627-95-3243,B,Berlin,Member,Female,Home and lifestyle,734.076,2019-02-04,Ewallet
745-71-3520,A,London,Member,Female,Electronic accessories,185.367,2019-02-04,Cash
151-33-7434,B,Berlin,Normal,Female,Food and beverages,71.1585,2019-02-04,Credit card
404-91-5964,A,London,Normal,Male,Electronic accessories,548.163,2019-02-04,Credit card
479-26-8945,B,Berlin,Member,Female,Sports and travel,34.629,2019-02-05,Ewallet
210-57-1719,B,Berlin,Normal,Female,Health and beauty,550.368,2019-02-05,Cash
374-17-3652,B,Berlin,Member,Female,Food and beverages,404.649,2019-02-05,Credit card
409-49-6995,C,Warsaw,Member,Female,Food and beverages,297.801,2019-02-05,Cash
880-35-0356,A,London,Member,Female,Sports and travel,236.88,2019-02-05,Ewallet
729-09-9681,A,London,Member,Male,Home and lifestyle,163.233,2019-02-05,Ewallet
325-89-4209,A,London,Member,Male,Food and beverages,92.295,2019-02-05,Ewallet
307-04-2070,A,London,Member,Female,Fashion accessories,32.151,2019-02-05,Credit card
181-94-6432,C,Warsaw,Member,Male,Fashion accessories,145.593,2019-02-05,Ewallet
324-92-3863,A,London,Member,Male,Electronic accessories,43.869,2019-02-05,Cash
338-65-2210,C,Warsaw,Member,Female,Health and beauty,720.3,2019-02-05,Cash
210-67-5886,C,Warsaw,Member,Female,Health and beauty,309.3615,2019-02-05,Credit card
512-91-0811,C,Warsaw,Normal,Male,Health and beauty,94.2375,2019-02-06,Credit card
183-56-6882,C,Warsaw,Member,Female,Food and beverages,417.564,2019-02-06,Ewallet
373-88-1424,C,Warsaw,Member,Male,Home and lifestyle,188.0025,2019-02-06,Ewallet
857-67-9057,B,Berlin,Normal,Male,Electronic accessories,240.975,2019-02-06,Ewallet
609-81-8548,A,London,Member,Female,Home and lifestyle,235.872,2019-02-06,Credit card
258-92-7466,A,London,Normal,Female,Health and beauty,187.32,2019-02-06,Credit card
875-46-5808,B,Berlin,Member,Male,Health and beauty,271.95,2019-02-06,Ewallet
727-46-3608,B,Berlin,Member,Female,Food and beverages,189.0945,2019-02-06,Ewallet
471-06-8611,C,Warsaw,Normal,Female,Food and beverages,55.041,2019-02-06,Credit card
351-62-0822,B,Berlin,Member,Female,Fashion accessories,60.816,2019-02-06,Ewallet
149-14-0304,C,Warsaw,Member,Female,Health and beauty,239.4,2019-02-06,Cash
811-35-1094,B,Berlin,Member,Male,Electronic accessories,317.835,2019-02-06,Credit card
595-86-2894,C,Warsaw,Member,Male,Fashion accessories,407.316,2019-02-06,Ewallet
744-82-9138,C,Warsaw,Normal,Male,Fashion accessories,180.873,2019-02-07,Cash
421-95-9805,A,London,Normal,Female,Electronic accessories,30.408,2019-02-07,Credit card
252-56-2699,A,London,Normal,Male,Food and beverages,453.495,2019-02-07,Ewallet
533-33-5337,B,Berlin,Normal,Male,Electronic accessories,833.595,2019-02-07,Cash
868-81-1752,B,Berlin,Normal,Male,Home and lifestyle,208.08900000000003,2019-02-07,Cash
583-41-4548,C,Warsaw,Normal,Male,Home and lifestyle,122.5245,2019-02-07,Ewallet
827-44-5872,B,Berlin,Member,Female,Food and beverages,570.78,2019-02-07,Credit card
810-60-6344,C,Warsaw,Normal,Female,Electronic accessories,343.224,2019-02-07,Credit card
784-21-9238,C,Warsaw,Member,Male,Sports and travel,10.6785,2019-02-07,Cash
626-43-7888,C,Warsaw,Normal,Female,Fashion accessories,507.444,2019-02-07,Ewallet
635-40-6220,A,London,Normal,Male,Health and beauty,752.64,2019-02-07,Ewallet
648-94-3045,C,Warsaw,Normal,Male,Health and beauty,618.975,2019-02-07,Ewallet
453-33-6436,A,London,Normal,Female,Home and lifestyle,782.2080000000002,2019-02-07,Cash
374-38-5555,B,Berlin,Normal,Female,Fashion accessories,334.4775,2019-02-07,Ewallet
114-35-5271,B,Berlin,Normal,Female,Electronic accessories,486.444,2019-02-07,Cash
214-17-6927,C,Warsaw,Normal,Female,Food and beverages,103.824,2019-02-07,Ewallet
641-96-3695,C,Warsaw,Member,Female,Fashion accessories,273.798,2019-02-07,Ewallet
430-02-3888,B,Berlin,Normal,Male,Electronic accessories,289.926,2019-02-07,Cash
560-49-6611,A,London,Member,Female,Sports and travel,47.859,2019-02-07,Cash
380-94-4661,C,Warsaw,Member,Male,Electronic accessories,276.948,2019-02-07,Credit card
354-25-5821,B,Berlin,Member,Female,Sports and travel,435.456,2019-02-08,Cash
271-88-8734,C,Warsaw,Member,Female,Fashion accessories,1020.705,2019-02-08,Credit card
732-04-5373,B,Berlin,Member,Male,Home and lifestyle,195.174,2019-02-08,Cash
687-47-8271,A,London,Normal,Male,Fashion accessories,1039.29,2019-02-08,Credit card
649-29-6775,B,Berlin,Normal,Male,Fashion accessories,35.196,2019-02-08,Cash
373-73-7910,A,London,Normal,Male,Sports and travel,634.3785,2019-02-08,Ewallet
830-58-2383,B,Berlin,Normal,Male,Home and lifestyle,133.35,2019-02-08,Cash
440-59-5691,C,Warsaw,Member,Female,Health and beauty,273.0525,2019-02-08,Credit card
181-82-6255,B,Berlin,Normal,Female,Home and lifestyle,103.131,2019-02-08,Cash
815-04-6282,C,Warsaw,Member,Female,Sports and travel,341.0925,2019-02-08,Credit card
756-49-0168,A,London,Member,Male,Fashion accessories,20.685,2019-02-08,Ewallet
549-84-7482,B,Berlin,Normal,Female,Sports and travel,853.1460000000002,2019-02-08,Ewallet
146-09-5432,A,London,Member,Male,Food and beverages,331.1280000000001,2019-02-09,Ewallet
447-15-7839,A,London,Member,Female,Sports and travel,233.52,2019-02-09,Cash
509-10-0516,B,Berlin,Normal,Male,Home and lifestyle,193.074,2019-02-09,Ewallet
130-98-8941,C,Warsaw,Normal,Male,Fashion accessories,472.311,2019-02-09,Cash
200-40-6154,B,Berlin,Member,Male,Home and lifestyle,415.233,2019-02-09,Cash
602-80-9671,C,Warsaw,Member,Female,Home and lifestyle,100.485,2019-02-09,Credit card
866-05-7563,B,Berlin,Member,Female,Electronic accessories,256.41,2019-02-09,Cash
871-39-9221,C,Warsaw,Normal,Female,Electronic accessories,78.435,2019-02-09,Cash
746-19-0921,C,Warsaw,Normal,Male,Food and beverages,22.659,2019-02-09,Ewallet
747-58-7183,B,Berlin,Normal,Male,Fashion accessories,180.4005,2019-02-09,Ewallet
450-42-3339,C,Warsaw,Normal,Male,Health and beauty,888.405,2019-02-09,Credit card
727-02-1313,A,London,Member,Male,Food and beverages,33.431999999999995,2019-02-09,Cash
428-83-5800,C,Warsaw,Member,Female,Food and beverages,66.402,2019-02-09,Cash
448-34-8700,B,Berlin,Member,Male,Home and lifestyle,271.2885,2019-02-10,Ewallet
227-07-4446,C,Warsaw,Member,Female,Electronic accessories,820.365,2019-02-10,Cash
685-64-1609,A,London,Member,Female,Fashion accessories,316.47,2019-02-10,Ewallet
695-51-0018,B,Berlin,Normal,Female,Sports and travel,146.328,2019-02-10,Cash
378-07-7001,B,Berlin,Member,Male,Electronic accessories,151.4835,2019-02-10,Credit card
838-78-4295,C,Warsaw,Normal,Female,Health and beauty,70.28699999999999,2019-02-10,Ewallet
196-01-2849,C,Warsaw,Member,Female,Fashion accessories,539.3430000000002,2019-02-10,Cash
162-48-8011,A,London,Member,Female,Food and beverages,234.0975,2019-02-10,Cash
559-98-9873,A,London,Member,Female,Fashion accessories,394.3275,2019-02-10,Ewallet
669-54-1719,B,Berlin,Member,Male,Electronic accessories,119.259,2019-02-10,Credit card
400-60-7251,A,London,Normal,Male,Home and lifestyle,77.7735,2019-02-10,Ewallet
284-34-9626,B,Berlin,Normal,Female,Home and lifestyle,242.676,2019-02-11,Credit card
842-40-8179,B,Berlin,Member,Female,Food and beverages,810.6,2019-02-11,Credit card
534-53-3526,A,London,Normal,Female,Sports and travel,397.992,2019-02-11,Ewallet
866-99-7614,C,Warsaw,Normal,Male,Food and beverages,936.6,2019-02-11,Credit card
418-02-5978,B,Berlin,Normal,Female,Health and beauty,794.6505,2019-02-11,Cash
796-12-2025,C,Warsaw,Normal,Male,Fashion accessories,652.26,2019-02-11,Cash
401-09-4232,C,Warsaw,Member,Male,Home and lifestyle,455.1225,2019-02-11,Ewallet
531-56-4728,A,London,Normal,Male,Home and lifestyle,252.252,2019-02-11,Cash
365-64-0515,A,London,Normal,Female,Electronic accessories,246.4875,2019-02-12,Ewallet
549-03-9315,B,Berlin,Normal,Male,Fashion accessories,796.908,2019-02-12,Ewallet
287-83-1405,A,London,Normal,Male,Health and beauty,160.209,2019-02-12,Ewallet
373-14-0504,A,London,Member,Female,Sports and travel,150.423,2019-02-12,Ewallet
528-87-5606,B,Berlin,Member,Female,Electronic accessories,41.45399999999999,2019-02-12,Cash
641-51-2661,C,Warsaw,Member,Female,Food and beverages,914.55,2019-02-12,Credit card
885-56-0389,C,Warsaw,Member,Male,Fashion accessories,54.9675,2019-02-12,Cash
305-18-3552,B,Berlin,Member,Male,Home and lifestyle,633.99,2019-02-12,Cash
388-76-2555,B,Berlin,Normal,Male,Sports and travel,86.24700000000001,2019-02-13,Cash
767-54-1907,B,Berlin,Member,Female,Fashion accessories,155.19,2019-02-13,Cash
563-36-9814,A,London,Member,Male,Electronic accessories,80.661,2019-02-13,Ewallet
549-23-9016,C,Warsaw,Member,Female,Food and beverages,31.227,2019-02-13,Credit card
151-16-1484,A,London,Member,Male,Electronic accessories,135.45,2019-02-13,Ewallet
339-18-7061,C,Warsaw,Member,Female,Fashion accessories,195.258,2019-02-13,Credit card
139-52-2867,C,Warsaw,Normal,Female,Fashion accessories,165.4485,2019-02-13,Credit card
173-50-1108,B,Berlin,Member,Female,Sports and travel,84.756,2019-02-13,Credit card
528-14-9470,A,London,Member,Male,Health and beauty,95.865,2019-02-14,Ewallet
853-23-2453,B,Berlin,Member,Male,Health and beauty,318.108,2019-02-14,Cash
638-60-7125,A,London,Normal,Female,Electronic accessories,836.304,2019-02-14,Credit card
545-07-8534,C,Warsaw,Normal,Female,Health and beauty,122.472,2019-02-14,Ewallet
109-86-4363,B,Berlin,Member,Female,Sports and travel,441.588,2019-02-14,Credit card
150-89-8043,A,London,Normal,Male,Sports and travel,140.6475,2019-02-14,Cash
174-36-3675,C,Warsaw,Member,Male,Food and beverages,208.677,2019-02-14,Cash
235-46-8343,C,Warsaw,Member,Male,Food and beverages,290.43,2019-02-14,Credit card
321-49-7382,B,Berlin,Member,Male,Sports and travel,92.7255,2019-02-15,Credit card
372-94-8041,A,London,Normal,Male,Health and beauty,96.138,2019-02-15,Ewallet
285-68-5083,C,Warsaw,Member,Female,Sports and travel,77.931,2019-02-15,Credit card
394-43-4238,B,Berlin,Member,Male,Home and lifestyle,93.2925,2019-02-15,Credit card
400-80-4065,C,Warsaw,Member,Male,Health and beauty,287.91,2019-02-15,Credit card
227-78-1148,B,Berlin,Normal,Female,Fashion accessories,535.374,2019-02-15,Cash
873-95-4984,B,Berlin,Member,Female,Health and beauty,565.215,2019-02-15,Cash
234-36-2483,B,Berlin,Normal,Male,Health and beauty,362.817,2019-02-15,Cash
152-68-2907,A,London,Normal,Male,Food and beverages,164.43,2019-02-15,Credit card
305-03-2383,A,London,Normal,Female,Food and beverages,211.365,2019-02-15,Cash
431-66-2305,B,Berlin,Normal,Female,Electronic accessories,833.9625,2019-02-15,Credit card
136-08-6195,A,London,Normal,Female,Home and lifestyle,587.664,2019-02-15,Credit card
860-79-0874,C,Warsaw,Member,Female,Fashion accessories,1042.65,2019-02-15,Credit card
246-11-3901,C,Warsaw,Normal,Female,Electronic accessories,344.4,2019-02-15,Cash
710-46-4433,B,Berlin,Member,Female,Food and beverages,731.43,2019-02-15,Credit card
233-34-0817,C,Warsaw,Member,Female,Electronic accessories,103.782,2019-02-15,Cash
541-89-9860,C,Warsaw,Member,Female,Fashion accessories,253.512,2019-02-15,Cash
556-41-6224,C,Warsaw,Normal,Male,Health and beauty,282.576,2019-02-15,Credit card
497-36-0989,A,London,Normal,Male,Fashion accessories,163.611,2019-02-15,Cash
587-03-7455,C,Warsaw,Member,Female,Fashion accessories,718.7565,2019-02-16,Ewallet
408-66-6712,C,Warsaw,Member,Female,Health and beauty,300.573,2019-02-16,Ewallet
895-03-6665,B,Berlin,Normal,Female,Fashion accessories,345.0195,2019-02-16,Cash
598-06-7312,B,Berlin,Member,Male,Fashion accessories,95.9175,2019-02-16,Cash
873-14-6353,A,London,Member,Male,Food and beverages,182.427,2019-02-16,Credit card
133-77-3154,B,Berlin,Member,Male,Fashion accessories,252.756,2019-02-16,Credit card
273-84-2164,C,Warsaw,Member,Male,Electronic accessories,63.2625,2019-02-16,Ewallet
241-72-9525,B,Berlin,Normal,Male,Sports and travel,545.055,2019-02-16,Cash
634-97-8956,A,London,Normal,Male,Food and beverages,103.635,2019-02-17,Credit card
785-96-0615,B,Berlin,Member,Female,Electronic accessories,300.216,2019-02-17,Ewallet
201-63-8275,C,Warsaw,Member,Female,Sports and travel,499.7265,2019-02-17,Ewallet
590-83-4591,B,Berlin,Member,Male,Electronic accessories,550.935,2019-02-17,Credit card
131-70-8179,A,London,Member,Female,Health and beauty,290.0835,2019-02-17,Cash
612-36-5536,A,London,Member,Male,Food and beverages,680.064,2019-02-17,Credit card
123-35-4896,C,Warsaw,Normal,Female,Sports and travel,440.937,2019-02-17,Ewallet
389-25-3394,C,Warsaw,Normal,Male,Electronic accessories,62.0025,2019-02-17,Cash
636-48-8204,A,London,Normal,Male,Electronic accessories,181.44,2019-02-17,Ewallet
788-21-5741,A,London,Normal,Male,Fashion accessories,142.947,2019-02-17,Credit card
803-17-8013,A,London,Member,Female,Home and lifestyle,745.836,2019-02-17,Cash
420-11-4919,C,Warsaw,Member,Female,Food and beverages,374.7975,2019-02-17,Credit card
827-77-7633,A,London,Normal,Male,Sports and travel,926.9505,2019-02-17,Cash
787-15-1757,C,Warsaw,Member,Male,Health and beauty,185.094,2019-02-18,Ewallet
652-49-6720,C,Warsaw,Member,Female,Electronic accessories,63.9975,2019-02-18,Ewallet
278-97-7759,A,London,Member,Female,Electronic accessories,65.604,2019-02-18,Cash
849-09-3807,A,London,Member,Female,Fashion accessories,649.299,2019-02-18,Cash
354-39-5160,A,London,Member,Female,Home and lifestyle,216.846,2019-02-18,Cash
597-78-7908,C,Warsaw,Normal,Male,Fashion accessories,284.193,2019-02-18,Cash
764-44-8999,B,Berlin,Normal,Female,Health and beauty,30.996,2019-02-18,Ewallet
868-06-0466,A,London,Member,Male,Electronic accessories,657.5310000000002,2019-02-19,Credit card
449-16-6770,A,London,Normal,Male,Health and beauty,266.6475,2019-02-19,Credit card
629-42-4133,C,Warsaw,Normal,Male,Health and beauty,183.12,2019-02-19,Cash
272-27-9238,C,Warsaw,Normal,Female,Food and beverages,173.208,2019-02-19,Cash
409-33-9708,A,London,Normal,Female,Fashion accessories,206.808,2019-02-19,Ewallet
886-77-9084,C,Warsaw,Normal,Male,Electronic accessories,603.876,2019-02-19,Ewallet
752-23-3760,B,Berlin,Member,Female,Sports and travel,470.98800000000006,2019-02-19,Credit card
384-59-6655,A,London,Member,Female,Food and beverages,932.337,2019-02-19,Cash
183-21-3799,C,Warsaw,Normal,Female,Electronic accessories,733.6035,2019-02-19,Ewallet
692-92-5582,B,Berlin,Member,Female,Food and beverages,172.74599999999995,2019-02-20,Credit card
725-56-0833,A,London,Normal,Female,Health and beauty,339.36,2019-02-20,Credit card
779-42-2410,B,Berlin,Member,Male,Food and beverages,181.881,2019-02-20,Ewallet
311-13-6971,B,Berlin,Member,Male,Sports and travel,335.895,2019-02-20,Credit card
548-46-9322,B,Berlin,Normal,Male,Food and beverages,418.95,2019-02-20,Credit card
782-95-9291,A,London,Member,Male,Food and beverages,484.5225,2019-02-20,Credit card
848-95-6252,C,Warsaw,Member,Female,Home and lifestyle,90.5835,2019-02-20,Ewallet
458-61-0011,B,Berlin,Normal,Male,Food and beverages,253.26,2019-02-20,Cash
498-41-1961,B,Berlin,Normal,Male,Health and beauty,350.07,2019-02-20,Cash
546-80-2899,A,London,Member,Male,Home and lifestyle,79.149,2019-02-20,Ewallet
279-62-1445,C,Warsaw,Member,Female,Fashion accessories,13.167,2019-02-21,Cash
389-70-2397,C,Warsaw,Normal,Female,Health and beauty,439.215,2019-02-21,Cash
714-02-3114,C,Warsaw,Normal,Female,Sports and travel,207.48,2019-02-21,Cash
269-04-5750,B,Berlin,Member,Male,Fashion accessories,310.0440000000001,2019-02-21,Cash
319-74-2561,A,London,Member,Female,Electronic accessories,298.116,2019-02-21,Cash
503-21-4385,B,Berlin,Member,Male,Health and beauty,125.7165,2019-02-21,Ewallet
488-25-4221,C,Warsaw,Member,Female,Food and beverages,31.9305,2019-02-22,Credit card
864-24-7918,A,London,Member,Female,Sports and travel,257.145,2019-02-22,Cash
347-56-2442,A,London,Normal,Male,Home and lifestyle,69.111,2019-02-22,Cash
838-02-1821,C,Warsaw,Member,Female,Home and lifestyle,26.733,2019-02-22,Credit card
807-14-7833,A,London,Member,Female,Electronic accessories,182.91,2019-02-22,Ewallet
690-01-6631,B,Berlin,Normal,Male,Fashion accessories,183.645,2019-02-22,Ewallet
582-52-8065,B,Berlin,Normal,Female,Fashion accessories,513.2295,2019-02-22,Cash
777-67-2495,B,Berlin,Normal,Male,Home and lifestyle,217.2555,2019-02-22,Ewallet
831-64-0259,B,Berlin,Normal,Female,Fashion accessories,208.6875,2019-02-22,Ewallet
743-88-1662,C,Warsaw,Normal,Male,Sports and travel,701.8515,2019-02-22,Ewallet
837-55-7229,B,Berlin,Normal,Female,Fashion accessories,49.812,2019-02-22,Credit card
503-07-0930,C,Warsaw,Member,Male,Sports and travel,429.1665,2019-02-23,Credit card
274-05-5470,A,London,Member,Female,Food and beverages,308.574,2019-02-23,Cash
831-81-6575,B,Berlin,Member,Female,Electronic accessories,714.3255,2019-02-23,Cash
695-09-5146,B,Berlin,Member,Female,Food and beverages,311.1885,2019-02-23,Ewallet
729-46-7422,C,Warsaw,Normal,Male,Food and beverages,37.6845,2019-02-23,Credit card
190-14-3147,B,Berlin,Normal,Female,Health and beauty,75.47399999999998,2019-02-23,Ewallet
787-56-0757,C,Warsaw,Member,Female,Food and beverages,337.51199999999994,2019-02-23,Credit card
396-90-2219,B,Berlin,Normal,Female,Electronic accessories,125.664,2019-02-23,Cash
315-22-5665,C,Warsaw,Normal,Female,Home and lifestyle,772.38,2019-02-24,Ewallet
803-83-5989,C,Warsaw,Normal,Male,Home and lifestyle,351.099,2019-02-24,Ewallet
365-16-4334,B,Berlin,Normal,Female,Food and beverages,222.012,2019-02-24,Ewallet
186-43-8965,A,London,Member,Female,Home and lifestyle,100.128,2019-02-24,Credit card
380-60-5336,A,London,Normal,Female,Electronic accessories,422.73,2019-02-24,Credit card
242-11-3142,B,Berlin,Member,Male,Fashion accessories,175.917,2019-02-24,Cash
516-77-6464,C,Warsaw,Member,Female,Health and beauty,53.34,2019-02-24,Ewallet
692-27-8933,B,Berlin,Normal,Female,Sports and travel,365.085,2019-02-24,Cash
740-11-5257,C,Warsaw,Normal,Male,Electronic accessories,259.77,2019-02-24,Cash
834-83-1826,B,Berlin,Member,Female,Home and lifestyle,430.71,2019-02-25,Credit card
636-17-0325,B,Berlin,Normal,Male,Health and beauty,262.79400000000004,2019-02-25,Cash
505-02-0892,B,Berlin,Member,Male,Health and beauty,357.588,2019-02-25,Ewallet
511-54-3087,B,Berlin,Normal,Male,Sports and travel,92.8725,2019-02-25,Credit card
866-70-2814,B,Berlin,Normal,Female,Electronic accessories,554.295,2019-02-25,Ewallet
502-05-1910,A,London,Normal,Male,Health and beauty,205.317,2019-02-25,Credit card
308-81-0538,A,London,Normal,Female,Fashion accessories,306.81,2019-02-25,Credit card
735-06-4124,C,Warsaw,Normal,Male,Food and beverages,51.0405,2019-02-25,Cash
719-89-8991,A,London,Member,Female,Sports and travel,479.9025,2019-02-25,Ewallet
355-53-5943,A,London,Member,Female,Electronic accessories,433.692,2019-02-25,Ewallet
608-05-3804,B,Berlin,Member,Male,Electronic accessories,41.7375,2019-02-25,Cash
574-80-1489,B,Berlin,Member,Female,Food and beverages,263.97,2019-02-25,Ewallet
459-45-2396,A,London,Member,Female,Food and beverages,313.74,2019-02-25,Cash
871-79-8483,B,Berlin,Normal,Male,Fashion accessories,494.1825,2019-02-25,Credit card
275-28-0149,A,London,Normal,Male,Sports and travel,66.8745,2019-02-25,Cash
300-71-4605,C,Warsaw,Member,Male,Electronic accessories,451.71,2019-02-25,Ewallet
707-32-7409,B,Berlin,Member,Female,Sports and travel,401.268,2019-02-26,Ewallet
491-38-3499,A,London,Member,Male,Fashion accessories,58.2225,2019-02-26,Credit card
649-11-3678,C,Warsaw,Normal,Female,Food and beverages,216.6885,2019-02-26,Cash
437-53-3084,B,Berlin,Normal,Male,Fashion accessories,209.769,2019-02-26,Ewallet
518-71-6847,B,Berlin,Member,Male,Food and beverages,167.58,2019-02-26,Ewallet
702-72-0487,A,London,Normal,Female,Electronic accessories,97.881,2019-02-26,Credit card
477-24-6490,B,Berlin,Normal,Female,Health and beauty,628.173,2019-02-26,Ewallet
154-74-7179,B,Berlin,Normal,Male,Sports and travel,57.1725,2019-02-26,Ewallet
466-61-5506,B,Berlin,Member,Female,Electronic accessories,571.41,2019-02-26,Cash
759-98-4285,C,Warsaw,Member,Female,Health and beauty,631.1445,2019-02-27,Credit card
250-17-5703,A,London,Member,Male,Food and beverages,197.925,2019-02-27,Ewallet
370-41-7321,B,Berlin,Member,Male,Health and beauty,535.7205,2019-02-27,Credit card
263-12-5321,A,London,Member,Male,Electronic accessories,680.61,2019-02-27,Credit card
243-55-8457,A,London,Normal,Female,Food and beverages,781.62,2019-02-27,Ewallet
665-63-9737,B,Berlin,Normal,Male,Fashion accessories,165.123,2019-02-27,Ewallet
191-29-0321,B,Berlin,Member,Female,Fashion accessories,207.585,2019-02-27,Credit card
605-72-4132,C,Warsaw,Normal,Female,Food and beverages,793.548,2019-02-27,Cash
135-84-8019,A,London,Normal,Female,Fashion accessories,736.4385,2019-02-27,Ewallet
250-81-7186,C,Warsaw,Normal,Female,Electronic accessories,104.6745,2019-02-27,Credit card
400-45-1220,B,Berlin,Normal,Female,Health and beauty,141.75,2019-02-27,Credit card
105-10-6182,A,London,Member,Male,Fashion accessories,45.108,2019-02-27,Ewallet
741-73-3559,B,Berlin,Normal,Male,Sports and travel,353.1675,2019-02-27,Cash
318-68-5053,B,Berlin,Normal,Female,Health and beauty,485.037,2019-02-27,Cash
291-59-1384,B,Berlin,Normal,Male,Electronic accessories,63.315,2019-02-28,Cash
635-28-5728,A,London,Normal,Male,Health and beauty,176.4,2019-02-28,Ewallet
142-72-4741,C,Warsaw,Member,Male,Fashion accessories,195.72,2019-02-28,Credit card
399-46-5918,C,Warsaw,Normal,Female,Electronic accessories,722.232,2019-02-28,Cash
786-94-2700,A,London,Member,Male,Food and beverages,507.906,2019-02-28,Cash
709-58-4068,B,Berlin,Normal,Female,Fashion accessories,431.445,2019-02-28,Cash
153-58-4872,C,Warsaw,Member,Female,Food and beverages,314.538,2019-03-01,Ewallet
189-98-2939,C,Warsaw,Normal,Male,Fashion accessories,742.2975,2019-03-01,Cash
238-45-6950,B,Berlin,Member,Male,Food and beverages,56.40600000000001,2019-03-01,Ewallet
339-96-8318,B,Berlin,Member,Male,Fashion accessories,597.6285,2019-03-01,Ewallet
247-11-2470,A,London,Member,Female,Fashion accessories,93.744,2019-03-01,Credit card
207-73-1363,B,Berlin,Normal,Male,Health and beauty,145.971,2019-03-01,Ewallet
811-03-8790,A,London,Normal,Female,Electronic accessories,477.54,2019-03-01,Credit card
470-31-3286,B,Berlin,Normal,Male,Health and beauty,46.683,2019-03-01,Credit card
220-28-1851,A,London,Normal,Male,Home and lifestyle,72.933,2019-03-01,Ewallet
453-63-6187,B,Berlin,Normal,Male,Electronic accessories,86.625,2019-03-01,Ewallet
825-94-5922,B,Berlin,Normal,Male,Sports and travel,53.151,2019-03-02,Ewallet
607-76-6216,C,Warsaw,Member,Female,Fashion accessories,485.5725,2019-03-02,Credit card
636-98-3364,B,Berlin,Member,Female,Electronic accessories,82.719,2019-03-02,Ewallet
225-98-1496,C,Warsaw,Normal,Female,Fashion accessories,85.113,2019-03-02,Credit card
549-59-1358,A,London,Member,Male,Sports and travel,279.1845,2019-03-02,Ewallet
172-42-8274,B,Berlin,Normal,Female,Electronic accessories,80.367,2019-03-02,Credit card
725-54-0677,C,Warsaw,Member,Male,Health and beauty,629.16,2019-03-02,Cash
817-69-8206,B,Berlin,Normal,Female,Electronic accessories,942.4485,2019-03-02,Credit card
720-72-2436,A,London,Normal,Male,Food and beverages,279.384,2019-03-02,Ewallet
883-17-4236,C,Warsaw,Normal,Female,Sports and travel,30.219,2019-03-02,Credit card
576-31-4774,B,Berlin,Normal,Female,Health and beauty,231.2415,2019-03-02,Ewallet
640-48-5028,B,Berlin,Member,Female,Home and lifestyle,835.2855,2019-03-02,Cash
565-67-6697,B,Berlin,Member,Male,Home and lifestyle,255.15,2019-03-02,Cash
303-96-2227,B,Berlin,Normal,Female,Home and lifestyle,1022.49,2019-03-02,Ewallet
408-26-9866,C,Warsaw,Normal,Female,Sports and travel,543.753,2019-03-02,Ewallet
860-73-6466,A,London,Member,Female,Sports and travel,82.887,2019-03-02,Credit card
346-84-3103,B,Berlin,Member,Female,Electronic accessories,69.405,2019-03-02,Cash
878-30-2331,C,Warsaw,Member,Female,Sports and travel,572.775,2019-03-02,Credit card
234-03-4040,B,Berlin,Member,Female,Food and beverages,767.025,2019-03-03,Credit card
175-54-2529,A,London,Member,Male,Food and beverages,186.228,2019-03-03,Credit card
302-15-2162,C,Warsaw,Member,Male,Health and beauty,293.139,2019-03-03,Credit card
305-14-0245,B,Berlin,Member,Female,Home and lifestyle,793.716,2019-03-03,Ewallet
631-41-3108,A,London,Normal,Male,Home and lifestyle,340.5255,2019-03-03,Credit card
468-99-7231,C,Warsaw,Normal,Female,Home and lifestyle,369.684,2019-03-03,Cash
777-82-7220,B,Berlin,Member,Male,Home and lifestyle,253.008,2019-03-03,Cash
211-05-0490,C,Warsaw,Member,Female,Electronic accessories,272.58,2019-03-03,Cash
861-77-0145,C,Warsaw,Member,Male,Electronic accessories,860.685,2019-03-03,Cash
733-33-4967,C,Warsaw,Normal,Male,Electronic accessories,175.14,2019-03-03,Cash
651-96-5970,A,London,Normal,Male,Fashion accessories,48.7305,2019-03-03,Credit card
610-46-4100,A,London,Normal,Male,Health and beauty,212.7825,2019-03-03,Credit card
324-41-6833,C,Warsaw,Member,Female,Electronic accessories,253.68,2019-03-03,Ewallet
568-88-3448,A,London,Normal,Male,Health and beauty,26.25,2019-03-03,Ewallet
320-49-6392,C,Warsaw,Normal,Female,Electronic accessories,31.752,2019-03-04,Cash
667-92-0055,A,London,Member,Male,Health and beauty,628.929,2019-03-04,Ewallet
256-08-8343,A,London,Normal,Female,Home and lifestyle,237.426,2019-03-04,Ewallet
227-50-3718,A,London,Normal,Male,Health and beauty,76.755,2019-03-04,Cash
689-05-1884,A,London,Member,Male,Health and beauty,510.615,2019-03-04,Cash
346-12-3257,B,Berlin,Member,Male,Electronic accessories,181.818,2019-03-04,Cash
276-75-6884,A,London,Normal,Female,Health and beauty,216.4365,2019-03-04,Cash
759-29-9521,A,London,Member,Female,Fashion accessories,462.672,2019-03-04,Cash
221-25-5073,A,London,Normal,Female,Food and beverages,313.572,2019-03-04,Cash
228-96-1411,C,Warsaw,Member,Female,Food and beverages,829.08,2019-03-04,Cash
558-60-5016,A,London,Normal,Female,Home and lifestyle,314.685,2019-03-04,Ewallet
586-25-0848,A,London,Normal,Female,Sports and travel,90.699,2019-03-04,Credit card
433-75-6987,B,Berlin,Member,Female,Health and beauty,411.3795,2019-03-05,Ewallet
174-64-0215,B,Berlin,Normal,Male,Sports and travel,732.27,2019-03-05,Credit card
102-77-2261,C,Warsaw,Member,Male,Health and beauty,480.0285,2019-03-05,Credit card
733-01-9107,B,Berlin,Normal,Male,Home and lifestyle,521.01,2019-03-05,Cash
371-85-5789,B,Berlin,Normal,Male,Health and beauty,277.137,2019-03-05,Ewallet
793-10-3222,B,Berlin,Member,Female,Health and beauty,258.678,2019-03-05,Credit card
848-42-2560,A,London,Normal,Female,Fashion accessories,172.011,2019-03-05,Cash
755-12-3214,C,Warsaw,Member,Female,Fashion accessories,232.155,2019-03-05,Credit card
291-32-1427,B,Berlin,Member,Male,Fashion accessories,115.185,2019-03-05,Ewallet
730-50-9884,C,Warsaw,Normal,Female,Sports and travel,610.491,2019-03-05,Ewallet
510-95-6347,B,Berlin,Member,Female,Food and beverages,152.838,2019-03-05,Ewallet
593-14-4239,B,Berlin,Normal,Female,Home and lifestyle,801.8639999999998,2019-03-05,Ewallet
148-82-2527,C,Warsaw,Member,Female,Home and lifestyle,127.26,2019-03-05,Credit card
608-04-3797,B,Berlin,Member,Female,Health and beauty,212.688,2019-03-05,Ewallet
655-07-2265,A,London,Normal,Male,Electronic accessories,246.6765,2019-03-05,Ewallet
829-49-1914,C,Warsaw,Member,Female,Food and beverages,822.255,2019-03-05,Ewallet
895-66-0685,B,Berlin,Member,Male,Food and beverages,56.952,2019-03-05,Ewallet
885-17-6250,A,London,Normal,Female,Health and beauty,83.727,2019-03-06,Ewallet
199-75-8169,A,London,Member,Male,Sports and travel,166.005,2019-03-06,Credit card
802-70-5316,A,London,Member,Female,Sports and travel,580.419,2019-03-06,Cash
523-38-0215,C,Warsaw,Normal,Male,Home and lifestyle,38.85,2019-03-06,Credit card
254-31-0042,A,London,Member,Male,Electronic accessories,203.175,2019-03-06,Credit card
262-47-2794,B,Berlin,Member,Male,Home and lifestyle,603.624,2019-03-06,Credit card
149-15-7606,B,Berlin,Member,Male,Sports and travel,352.6740000000001,2019-03-06,Ewallet
715-20-1673,B,Berlin,Normal,Male,Electronic accessories,148.995,2019-03-06,Cash
468-01-2051,B,Berlin,Normal,Male,Food and beverages,456.288,2019-03-06,Ewallet
783-09-1637,B,Berlin,Normal,Female,Sports and travel,354.0075,2019-03-06,Ewallet
883-69-1285,B,Berlin,Member,Male,Fashion accessories,104.832,2019-03-06,Credit card
821-07-3596,C,Warsaw,Normal,Female,Fashion accessories,69.09,2019-03-07,Ewallet
643-38-7867,A,London,Normal,Male,Home and lifestyle,102.837,2019-03-07,Ewallet
423-64-4619,A,London,Member,Female,Health and beauty,146.9475,2019-03-07,Cash
471-41-2823,C,Warsaw,Normal,Male,Food and beverages,209.55900000000003,2019-03-07,Ewallet
399-69-4630,C,Warsaw,Normal,Male,Electronic accessories,139.923,2019-03-07,Credit card
598-47-9715,C,Warsaw,Normal,Male,Electronic accessories,353.094,2019-03-07,Ewallet
242-55-6721,B,Berlin,Normal,Male,Home and lifestyle,33.936,2019-03-07,Ewallet
748-45-2862,A,London,Member,Female,Home and lifestyle,118.902,2019-03-07,Cash
307-85-2293,B,Berlin,Normal,Male,Home and lifestyle,263.97,2019-03-07,Ewallet
632-90-0281,C,Warsaw,Normal,Female,Fashion accessories,394.275,2019-03-08,Credit card
325-77-6186,A,London,Member,Female,Home and lifestyle,951.825,2019-03-08,Ewallet
226-31-3081,C,Warsaw,Normal,Female,Electronic accessories,80.22,2019-03-08,Cash
563-91-7120,A,London,Normal,Female,Fashion accessories,324.2925,2019-03-08,Cash
549-96-4200,C,Warsaw,Member,Male,Food and beverages,71.568,2019-03-08,Ewallet
345-08-4992,A,London,Normal,Male,Home and lifestyle,214.137,2019-03-08,Credit card
364-33-8584,B,Berlin,Member,Female,Food and beverages,92.5575,2019-03-08,Cash
574-57-9721,C,Warsaw,Normal,Male,Food and beverages,90.867,2019-03-08,Ewallet
594-34-4444,A,London,Normal,Male,Electronic accessories,102.018,2019-03-08,Ewallet
483-71-1164,C,Warsaw,Normal,Female,Health and beauty,512.19,2019-03-08,Ewallet
458-41-1477,C,Warsaw,Normal,Female,Health and beauty,291.438,2019-03-08,Credit card
489-64-4354,C,Warsaw,Normal,Male,Fashion accessories,17.094,2019-03-09,Cash
157-13-5295,A,London,Member,Male,Health and beauty,545.37,2019-03-09,Ewallet
308-47-4913,A,London,Member,Female,Sports and travel,548.73,2019-03-09,Credit card
816-57-2053,A,London,Normal,Male,Sports and travel,127.827,2019-03-09,Ewallet
360-39-5055,C,Warsaw,Member,Male,Sports and travel,256.7775,2019-03-09,Cash
815-11-1168,A,London,Member,Male,Food and beverages,523.845,2019-03-09,Cash
529-56-3974,B,Berlin,Member,Male,Electronic accessories,107.142,2019-03-09,Cash
299-29-0180,B,Berlin,Member,Female,Home and lifestyle,383.523,2019-03-09,Cash
616-87-0016,B,Berlin,Normal,Male,Fashion accessories,702.2189999999998,2019-03-09,Credit card
652-43-6591,A,London,Normal,Female,Fashion accessories,817.2360000000001,2019-03-09,Credit card
841-35-6630,C,Warsaw,Normal,Female,Electronic accessories,478.233,2019-03-09,Cash
268-27-6179,B,Berlin,Member,Female,Fashion accessories,474.348,2019-03-09,Ewallet
127-47-6963,A,London,Normal,Male,Health and beauty,217.182,2019-03-09,Credit card
132-32-9879,B,Berlin,Member,Female,Electronic accessories,394.632,2019-03-09,Cash
277-35-5865,C,Warsaw,Member,Female,Food and beverages,935.2665,2019-03-09,Cash
219-22-9386,B,Berlin,Member,Male,Sports and travel,944.622,2019-03-09,Credit card
156-20-0370,B,Berlin,Normal,Female,Electronic accessories,26.7225,2019-03-10,Credit card
189-17-4241,A,London,Normal,Female,Fashion accessories,184.107,2019-03-10,Credit card
129-29-8530,A,London,Member,Male,Sports and travel,328.755,2019-03-10,Ewallet
246-55-6923,C,Warsaw,Member,Female,Home and lifestyle,338.2155,2019-03-10,Credit card
453-12-7053,C,Warsaw,Normal,Male,Fashion accessories,144.08100000000005,2019-03-10,Credit card
745-74-0715,A,London,Normal,Male,Electronic accessories,121.863,2019-03-10,Ewallet
696-90-2548,A,London,Normal,Male,Sports and travel,81.396,2019-03-10,Ewallet
596-42-3999,B,Berlin,Normal,Male,Food and beverages,133.917,2019-03-10,Credit card
239-48-4278,A,London,Member,Male,Food and beverages,74.4555,2019-03-10,Ewallet
790-29-1172,B,Berlin,Normal,Female,Food and beverages,180.621,2019-03-10,Credit card
607-65-2441,C,Warsaw,Member,Male,Health and beauty,860.475,2019-03-10,Credit card
668-90-8900,A,London,Normal,Female,Home and lifestyle,688.6215,2019-03-10,Credit card
891-58-8335,B,Berlin,Member,Female,Sports and travel,217.6335,2019-03-11,Cash
749-81-8133,A,London,Normal,Female,Fashion accessories,397.614,2019-03-11,Cash
448-81-5016,A,London,Normal,Male,Health and beauty,125.517,2019-03-11,Credit card
319-50-3348,B,Berlin,Normal,Female,Home and lifestyle,84.63,2019-03-11,Ewallet
656-95-9349,A,London,Member,Female,Health and beauty,506.6355,2019-03-11,Credit card
704-20-4138,C,Warsaw,Member,Female,Health and beauty,218.0745,2019-03-11,Credit card
892-05-6689,A,London,Normal,Female,Home and lifestyle,148.68,2019-03-11,Ewallet
584-86-7256,C,Warsaw,Member,Male,Sports and travel,254.016,2019-03-11,Credit card
721-86-6247,A,London,Normal,Female,Home and lifestyle,532.7280000000002,2019-03-11,Ewallet
689-16-9784,C,Warsaw,Normal,Male,Food and beverages,294.651,2019-03-11,Cash
214-30-2776,B,Berlin,Member,Female,Electronic accessories,181.0725,2019-03-11,Credit card
276-54-0879,B,Berlin,Normal,Male,Sports and travel,410.508,2019-03-12,Ewallet
120-06-4233,C,Warsaw,Normal,Male,Electronic accessories,192.843,2019-03-12,Cash
651-61-0874,C,Warsaw,Normal,Male,Home and lifestyle,194.124,2019-03-12,Credit card
699-01-4164,C,Warsaw,Normal,Male,Health and beauty,174.3,2019-03-12,Credit card
573-10-3877,B,Berlin,Member,Male,Health and beauty,40.9605,2019-03-12,Credit card
545-46-3100,B,Berlin,Member,Female,Electronic accessories,33.3585,2019-03-12,Credit card
266-20-6657,C,Warsaw,Member,Male,Food and beverages,404.544,2019-03-12,Ewallet
152-08-9985,B,Berlin,Member,Male,Health and beauty,608.202,2019-03-12,Credit card
565-17-3836,A,London,Member,Female,Health and beauty,200.21400000000003,2019-03-12,Cash
253-12-6086,A,London,Member,Female,Sports and travel,723.24,2019-03-12,Credit card
427-45-9297,B,Berlin,Member,Female,Home and lifestyle,299.3655,2019-03-12,Ewallet
719-76-3868,C,Warsaw,Member,Male,Food and beverages,395.892,2019-03-12,Cash
686-41-0932,B,Berlin,Normal,Female,Fashion accessories,72.87,2019-03-13,Ewallet
584-66-4073,C,Warsaw,Normal,Male,Fashion accessories,59.325,2019-03-13,Ewallet
585-03-5943,B,Berlin,Normal,Male,Health and beauty,190.155,2019-03-13,Ewallet
877-22-3308,A,London,Member,Male,Health and beauty,166.635,2019-03-13,Cash
137-74-8729,C,Warsaw,Normal,Female,Fashion accessories,102.396,2019-03-13,Ewallet
101-17-6199,A,London,Normal,Male,Food and beverages,336.5565,2019-03-13,Credit card
336-78-2147,C,Warsaw,Member,Male,Home and lifestyle,536.844,2019-03-13,Credit card
316-01-3952,A,London,Normal,Female,Food and beverages,284.9175,2019-03-13,Ewallet
173-57-2300,C,Warsaw,Member,Male,Sports and travel,153.048,2019-03-13,Cash
655-85-5130,B,Berlin,Member,Female,Fashion accessories,160.86,2019-03-13,Cash
373-09-4567,C,Warsaw,Normal,Male,Food and beverages,814.38,2019-03-14,Ewallet
628-90-8624,B,Berlin,Member,Male,Health and beauty,867.09,2019-03-14,Cash
840-19-2096,C,Warsaw,Member,Male,Electronic accessories,461.5275,2019-03-14,Ewallet
169-52-4504,A,London,Normal,Female,Electronic accessories,49.4235,2019-03-14,Credit card
174-75-0888,B,Berlin,Normal,Male,Electronic accessories,203.931,2019-03-14,Cash
210-30-7976,B,Berlin,Member,Female,Fashion accessories,93.744,2019-03-14,Ewallet
499-27-7781,B,Berlin,Normal,Female,Food and beverages,446.964,2019-03-14,Ewallet
379-17-6588,C,Warsaw,Normal,Male,Fashion accessories,625.905,2019-03-14,Cash
122-61-9553,C,Warsaw,Normal,Female,Electronic accessories,484.974,2019-03-14,Cash
558-80-4082,C,Warsaw,Normal,Male,Electronic accessories,204.6975,2019-03-14,Ewallet
457-12-0244,C,Warsaw,Member,Female,Sports and travel,221.886,2019-03-14,Ewallet
730-70-9830,C,Warsaw,Normal,Female,Home and lifestyle,441.693,2019-03-14,Ewallet
189-52-0236,A,London,Normal,Male,Electronic accessories,731.6925,2019-03-14,Cash
115-99-4379,B,Berlin,Member,Female,Fashion accessories,402.2655,2019-03-14,Credit card
139-32-4183,A,London,Member,Female,Sports and travel,921.186,2019-03-14,Ewallet
808-65-0703,C,Warsaw,Normal,Male,Home and lifestyle,148.974,2019-03-14,Credit card
722-13-2115,C,Warsaw,Member,Male,Sports and travel,44.9925,2019-03-14,Credit card
442-48-3607,A,London,Member,Male,Food and beverages,49.308,2019-03-14,Credit card
565-91-4567,B,Berlin,Normal,Male,Health and beauty,90.3,2019-03-15,Ewallet
273-16-6619,B,Berlin,Normal,Male,Home and lifestyle,69.72,2019-03-15,Credit card
605-83-1050,B,Berlin,Normal,Male,Fashion accessories,57.078,2019-03-15,Ewallet
585-11-6748,B,Berlin,Member,Male,Sports and travel,304.92,2019-03-15,Cash
154-87-7367,C,Warsaw,Normal,Male,Home and lifestyle,548.184,2019-03-15,Ewallet
760-54-1821,B,Berlin,Normal,Male,Home and lifestyle,128.4255,2019-03-15,Cash
595-11-5460,A,London,Normal,Male,Health and beauty,202.818,2019-03-15,Credit card
361-59-0574,B,Berlin,Member,Male,Sports and travel,760.452,2019-03-15,Credit card
542-41-0513,B,Berlin,Member,Female,Electronic accessories,241.458,2019-03-15,Cash
510-09-5628,A,London,Member,Female,Fashion accessories,206.43,2019-03-15,Credit card
848-62-7243,A,London,Normal,Male,Health and beauty,235.2105,2019-03-15,Cash
359-94-5395,B,Berlin,Normal,Male,Health and beauty,97.419,2019-03-15,Credit card
701-69-8742,B,Berlin,Normal,Male,Sports and travel,360.885,2019-03-16,Ewallet
286-43-6208,C,Warsaw,Normal,Female,Food and beverages,829.71,2019-03-16,Cash
575-30-8091,A,London,Normal,Male,Sports and travel,609.0,2019-03-16,Ewallet
727-17-0390,A,London,Normal,Female,Food and beverages,333.9525,2019-03-16,Ewallet
578-80-7669,B,Berlin,Normal,Male,Sports and travel,78.7185,2019-03-16,Cash
711-31-1234,B,Berlin,Normal,Female,Electronic accessories,401.6880000000001,2019-03-16,Cash
290-68-2984,A,London,Normal,Male,Home and lifestyle,99.75,2019-03-16,Cash
617-15-4209,C,Warsaw,Member,Male,Health and beauty,32.277,2019-03-16,Cash
210-74-9613,C,Warsaw,Normal,Male,Fashion accessories,408.492,2019-03-16,Ewallet
152-03-4217,B,Berlin,Normal,Female,Home and lifestyle,106.596,2019-03-17,Credit card
662-47-5456,C,Warsaw,Member,Male,Fashion accessories,369.495,2019-03-17,Credit card
880-46-5796,A,London,Member,Male,Sports and travel,807.66,2019-03-17,Ewallet
220-68-6701,A,London,Normal,Female,Home and lifestyle,325.374,2019-03-17,Cash
320-32-8842,C,Warsaw,Member,Female,Food and beverages,23.751,2019-03-17,Cash
642-30-6693,B,Berlin,Normal,Female,Sports and travel,343.413,2019-03-17,Ewallet
420-04-7590,B,Berlin,Normal,Male,Home and lifestyle,314.055,2019-03-18,Ewallet
485-30-8700,A,London,Normal,Female,Sports and travel,174.615,2019-03-18,Credit card
413-20-6708,C,Warsaw,Member,Female,Fashion accessories,54.0435,2019-03-18,Ewallet
439-54-7422,A,London,Normal,Female,Electronic accessories,214.998,2019-03-18,Credit card
256-58-3609,C,Warsaw,Member,Male,Fashion accessories,96.579,2019-03-18,Cash
263-87-5680,C,Warsaw,Member,Female,Home and lifestyle,299.565,2019-03-18,Ewallet
776-68-1096,B,Berlin,Normal,Male,Home and lifestyle,138.97799999999998,2019-03-18,Credit card
850-41-9669,A,London,Normal,Female,Electronic accessories,709.317,2019-03-19,Ewallet
462-78-5240,C,Warsaw,Normal,Female,Electronic accessories,55.881,2019-03-19,Cash
728-88-7867,C,Warsaw,Member,Female,Home and lifestyle,317.226,2019-03-19,Ewallet
716-39-1409,B,Berlin,Normal,Male,Health and beauty,223.0725,2019-03-19,Cash
568-90-5112,C,Warsaw,Normal,Male,Health and beauty,277.788,2019-03-19,Credit card
701-23-5550,B,Berlin,Member,Male,Home and lifestyle,163.002,2019-03-19,Ewallet
831-07-6050,A,London,Normal,Male,Electronic accessories,171.7275,2019-03-19,Credit card
737-88-5876,A,London,Member,Male,Home and lifestyle,97.818,2019-03-19,Credit card
318-81-2368,C,Warsaw,Normal,Female,Electronic accessories,48.51,2019-03-19,Cash
574-22-5561,C,Warsaw,Member,Female,Fashion accessories,867.615,2019-03-19,Ewallet
593-08-5916,A,London,Normal,Female,Fashion accessories,16.275,2019-03-19,Credit card
155-45-3814,C,Warsaw,Member,Female,Electronic accessories,743.82,2019-03-19,Ewallet
301-81-8610,B,Berlin,Member,Male,Fashion accessories,213.528,2019-03-19,Credit card
898-04-2717,A,London,Normal,Male,Fashion accessories,721.98,2019-03-19,Ewallet
548-48-3156,A,London,Member,Female,Food and beverages,175.014,2019-03-19,Cash
751-69-0068,C,Warsaw,Normal,Male,Sports and travel,937.818,2019-03-19,Ewallet
828-61-5674,A,London,Member,Male,Sports and travel,462.21,2019-03-20,Credit card
805-86-0265,A,London,Normal,Male,Home and lifestyle,887.922,2019-03-20,Cash
574-31-8277,B,Berlin,Member,Male,Fashion accessories,35.3115,2019-03-20,Cash
213-72-6612,A,London,Normal,Male,Food and beverages,90.825,2019-03-20,Cash
182-88-2763,B,Berlin,Member,Male,Food and beverages,251.7165,2019-03-20,Credit card
537-72-0426,C,Warsaw,Member,Male,Fashion accessories,745.395,2019-03-20,Cash
436-54-4512,A,London,Member,Female,Food and beverages,96.1905,2019-03-20,Cash
142-63-6033,B,Berlin,Normal,Male,Home and lifestyle,484.89,2019-03-20,Ewallet
760-90-2357,A,London,Member,Male,Electronic accessories,469.413,2019-03-20,Ewallet
102-06-2002,C,Warsaw,Member,Male,Sports and travel,132.5625,2019-03-20,Cash
509-29-3912,A,London,Member,Female,Sports and travel,365.904,2019-03-20,Ewallet
514-37-2845,B,Berlin,Normal,Male,Fashion accessories,208.425,2019-03-20,Cash
632-32-4574,B,Berlin,Normal,Male,Sports and travel,637.7280000000002,2019-03-20,Cash
451-28-5717,C,Warsaw,Member,Female,Home and lifestyle,523.971,2019-03-20,Cash
650-98-6268,B,Berlin,Member,Female,Food and beverages,65.7405,2019-03-20,Credit card
438-01-4015,B,Berlin,Member,Female,Sports and travel,207.858,2019-03-21,Ewallet
527-09-6272,A,London,Member,Female,Electronic accessories,149.3625,2019-03-21,Credit card
512-98-1403,A,London,Member,Female,Electronic accessories,83.412,2019-03-21,Ewallet
500-02-2261,C,Warsaw,Normal,Female,Food and beverages,360.927,2019-03-21,Ewallet
827-26-2100,A,London,Member,Male,Home and lifestyle,319.788,2019-03-21,Ewallet
448-61-3783,A,London,Normal,Female,Electronic accessories,756.168,2019-03-21,Credit card
674-56-6360,A,London,Normal,Male,Electronic accessories,99.9075,2019-03-22,Cash
550-84-8664,A,London,Normal,Male,Sports and travel,451.0275,2019-03-22,Credit card
472-15-9636,A,London,Normal,Male,Home and lifestyle,427.812,2019-03-22,Ewallet
554-53-3790,B,Berlin,Normal,Male,Sports and travel,233.226,2019-03-22,Cash
802-43-8934,A,London,Normal,Male,Home and lifestyle,19.194000000000006,2019-03-22,Credit card
886-18-2897,A,London,Normal,Female,Food and beverages,296.94,2019-03-22,Credit card
394-30-3170,B,Berlin,Member,Female,Sports and travel,742.812,2019-03-22,Credit card
630-74-5166,A,London,Normal,Male,Sports and travel,391.419,2019-03-22,Cash
616-24-2851,B,Berlin,Member,Female,Fashion accessories,75.054,2019-03-22,Ewallet
227-03-5010,A,London,Member,Female,Home and lifestyle,441.756,2019-03-22,Credit card
733-29-1227,C,Warsaw,Normal,Male,Home and lifestyle,408.7335,2019-03-23,Cash
333-73-7901,C,Warsaw,Normal,Female,Health and beauty,461.328,2019-03-23,Ewallet
407-63-8975,A,London,Normal,Male,Food and beverages,465.444,2019-03-23,Ewallet
795-49-7276,A,London,Normal,Male,Fashion accessories,156.03,2019-03-23,Ewallet
474-33-8305,C,Warsaw,Member,Male,Fashion accessories,495.3165,2019-03-23,Ewallet
851-28-6367,A,London,Member,Male,Sports and travel,162.75,2019-03-23,Ewallet
856-22-8149,A,London,Normal,Female,Home and lifestyle,26.5545,2019-03-23,Ewallet
608-96-3517,B,Berlin,Member,Female,Fashion accessories,384.468,2019-03-23,Credit card
386-27-7606,C,Warsaw,Member,Female,Home and lifestyle,596.82,2019-03-23,Credit card
865-92-6136,A,London,Normal,Male,Food and beverages,166.1625,2019-03-23,Ewallet
884-80-6021,A,London,Member,Female,Electronic accessories,771.435,2019-03-23,Ewallet
851-98-3555,B,Berlin,Normal,Female,Health and beauty,435.12,2019-03-24,Credit card
118-62-1812,C,Warsaw,Member,Female,Home and lifestyle,329.196,2019-03-24,Cash
334-64-2006,A,London,Member,Female,Home and lifestyle,147.672,2019-03-24,Ewallet
641-62-7288,B,Berlin,Normal,Male,Home and lifestyle,629.496,2019-03-24,Ewallet
588-01-7461,C,Warsaw,Normal,Female,Food and beverages,321.111,2019-03-24,Cash
538-22-0304,C,Warsaw,Normal,Male,Electronic accessories,681.975,2019-03-24,Cash
725-67-2480,B,Berlin,Member,Female,Fashion accessories,370.125,2019-03-24,Credit card
468-88-0009,A,London,Member,Male,Home and lifestyle,276.948,2019-03-24,Cash
835-16-0096,C,Warsaw,Member,Male,Sports and travel,77.175,2019-03-24,Ewallet
593-95-4461,C,Warsaw,Member,Male,Home and lifestyle,78.60300000000002,2019-03-24,Cash
560-30-5617,B,Berlin,Normal,Female,Sports and travel,130.0425,2019-03-24,Cash
156-95-3964,A,London,Normal,Female,Food and beverages,232.638,2019-03-25,Ewallet
366-43-6862,B,Berlin,Normal,Male,Electronic accessories,222.138,2019-03-25,Ewallet
110-05-6330,C,Warsaw,Normal,Female,Food and beverages,248.409,2019-03-25,Credit card
340-66-0321,A,London,Member,Male,Electronic accessories,152.71200000000005,2019-03-25,Cash
699-14-3026,C,Warsaw,Normal,Male,Electronic accessories,627.6165,2019-03-25,Ewallet
362-58-8315,C,Warsaw,Normal,Male,Fashion accessories,401.73,2019-03-25,Cash
134-75-2619,A,London,Member,Male,Electronic accessories,142.002,2019-03-25,Cash
282-35-2475,B,Berlin,Normal,Female,Sports and travel,195.951,2019-03-25,Cash
605-03-2706,A,London,Normal,Female,Health and beauty,49.77,2019-03-25,Cash
734-91-1155,B,Berlin,Normal,Female,Electronic accessories,143.9865,2019-03-26,Credit card
797-88-0493,A,London,Normal,Female,Health and beauty,269.934,2019-03-26,Cash
411-77-0180,A,London,Member,Male,Electronic accessories,530.67,2019-03-26,Ewallet
163-56-7055,C,Warsaw,Member,Male,Fashion accessories,51.1455,2019-03-26,Cash
760-53-9233,A,London,Member,Male,Fashion accessories,130.032,2019-03-26,Credit card
236-27-1144,C,Warsaw,Normal,Female,Food and beverages,154.1295,2019-03-26,Ewallet
807-34-3742,A,London,Normal,Male,Fashion accessories,54.999,2019-03-26,Cash
487-79-6868,B,Berlin,Member,Female,Home and lifestyle,116.1405,2019-03-26,Credit card
595-94-9924,A,London,Member,Female,Health and beauty,145.5825,2019-03-26,Credit card
848-24-9445,C,Warsaw,Member,Male,Health and beauty,91.77,2019-03-26,Cash
449-27-2918,B,Berlin,Member,Female,Sports and travel,41.076,2019-03-26,Credit card
859-97-6048,C,Warsaw,Member,Male,Electronic accessories,176.925,2019-03-26,Credit card
587-73-4862,A,London,Member,Female,Health and beauty,56.1225,2019-03-26,Ewallet
238-49-0436,A,London,Normal,Male,Health and beauty,272.664,2019-03-27,Credit card
702-83-5291,C,Warsaw,Member,Male,Fashion accessories,943.299,2019-03-27,Cash
313-66-9943,B,Berlin,Member,Female,Food and beverages,91.8225,2019-03-27,Credit card
186-71-5196,A,London,Member,Female,Food and beverages,167.03400000000005,2019-03-27,Ewallet
633-44-8566,A,London,Member,Male,Food and beverages,362.943,2019-03-27,Credit card
106-35-6779,A,London,Member,Male,Home and lifestyle,93.114,2019-03-27,Cash
176-64-7711,B,Berlin,Normal,Male,Food and beverages,101.808,2019-03-27,Credit card
423-57-2993,B,Berlin,Normal,Male,Sports and travel,588.357,2019-03-27,Ewallet
278-86-2735,A,London,Normal,Female,Food and beverages,164.87099999999995,2019-03-27,Cash
794-32-2436,B,Berlin,Member,Male,Electronic accessories,116.907,2019-03-27,Ewallet
633-09-3463,C,Warsaw,Normal,Female,Electronic accessories,150.0975,2019-03-28,Credit card
544-32-5024,C,Warsaw,Member,Female,Food and beverages,209.118,2019-03-28,Credit card
266-76-6436,C,Warsaw,Member,Female,Food and beverages,121.59,2019-03-28,Ewallet
333-23-2632,A,London,Member,Male,Health and beauty,74.08800000000002,2019-03-28,Cash
470-32-9057,A,London,Member,Male,Food and beverages,269.535,2019-03-28,Credit card
212-62-1842,A,London,Normal,Male,Food and beverages,367.038,2019-03-28,Cash
573-58-9734,B,Berlin,Normal,Female,Fashion accessories,95.6655,2019-03-28,Ewallet
531-80-1784,A,London,Normal,Male,Electronic accessories,191.247,2019-03-28,Cash
857-16-3520,A,London,Member,Female,Fashion accessories,525.231,2019-03-28,Ewallet
420-97-3340,A,London,Normal,Female,Food and beverages,225.792,2019-03-28,Credit card
425-85-2085,B,Berlin,Member,Male,Health and beauty,288.015,2019-03-29,Ewallet
727-75-6477,C,Warsaw,Normal,Male,Electronic accessories,121.128,2019-03-29,Cash
829-34-3910,A,London,Normal,Female,Health and beauty,749.49,2019-03-29,Cash
766-85-7061,B,Berlin,Normal,Male,Health and beauty,922.635,2019-03-29,Ewallet
218-59-9410,A,London,Member,Female,Home and lifestyle,228.123,2019-03-29,Ewallet
186-79-9562,B,Berlin,Normal,Male,Health and beauty,527.5095,2019-03-29,Cash
291-21-5991,B,Berlin,Member,Male,Health and beauty,321.7725,2019-03-29,Cash
267-62-7380,C,Warsaw,Member,Male,Electronic accessories,864.57,2019-03-29,Ewallet
361-85-2571,A,London,Normal,Female,Sports and travel,469.77,2019-03-30,Cash
286-01-5402,A,London,Normal,Female,Sports and travel,295.6905,2019-03-30,Cash
131-15-8856,C,Warsaw,Member,Female,Food and beverages,609.168,2019-03-30,Credit card
642-61-4706,B,Berlin,Member,Male,Food and beverages,196.14,2019-03-30,Cash
731-59-7531,B,Berlin,Member,Male,Health and beauty,609.5880000000002,2019-03-30,Cash
778-89-7974,C,Warsaw,Normal,Male,Health and beauty,442.323,2019-03-30,Cash
291-55-6563,A,London,Member,Female,Home and lifestyle,216.846,2019-03-30,Ewallet
743-04-1105,B,Berlin,Member,Male,Health and beauty,918.729,2019-03-30,Ewallet
115-38-7388,C,Warsaw,Member,Female,Fashion accessories,85.512,2019-03-30,Credit card
364-34-2972,C,Warsaw,Member,Male,Electronic accessories,304.983,2019-03-30,Cash
676-39-6028,A,London,Member,Female,Electronic accessories,338.31,2019-03-30,Cash
